pitch;yaw;velocity
17.8665;-112.019;5.24205
17.4195;-110.065;2.98795
-6.65824;-108.029;5.85576
-8.64186;-112.939;4.87161
-24.9258;-109.319;4.86175
-10.143;-124.868;9.24763
-48.7401;-93.6002;0.752789
-88.367;-105.004;-1.76418
-203.473;-156.798;-0.718524
-326.107;-121.982;8.06414
-368.781;-92.9908;12.4222
-94.4508;-81.7855;22.9234
34.3823;-85.2442;38.4345
124.244;-84.1486;36.2133
70.8788;-250.704;48.6001
-571.706;-151.672;-12.6444
-1473.35;-631.155;26.484
-1137.14;-977.742;-20.3232
-1294.23;-123.149;292.421
-1086.59;303.765;80.8363
1917.36;307.232;40.403
5903.37;-362.069;-122.491
462.953;291.665;-253.292
-11744.9;-81.325;229.878
-9688.92;466.616;423.725
-4875.52;7567.13;-186.968
9531.11;10343.4;206.901
-19113.9;23355.9;1140.03
7316.51;29797;2915.06
-41043.3;45350;195.216
45567.3;23498.2;10602.5
-90313.6;67253.6;-2556.6
-239402;-2737.69;-20278.2
-318138;150789;-24005
-620240;101206;-19502.2
-520463;92224.5;-25685.7
-1.27949e+06;-167092;-119075
-927436;-357000;-157720
-1.45494e+06;-395873;-178451
174684;1.02178e+06;-64872.5
-369920;1.6257e+06;-28422.8
-1.5144e+06;441812;-420346
-6.45529e+06;-1.21583e+06;-390019
-8.73112e+06;-1.91185e+06;-885952
-9.31253e+06;-21718.5;799560
-1.22517e+07;390248;2.23112e+06
-1.96305e+07;1.25727e+07;1.85636e+06
-1.41898e+07;1.11659e+07;-270095
-4.70128e+07;1.9975e+07;-4.04161e+06
-3.43626e+06;1.13846e+07;-3.41102e+06
1.05587e+08;4.63393e+07;-8.60114e+06
1.64814e+08;6.30051e+07;-4.88606e+06
3.3794e+07;1.00046e+08;-6.30228e+06
-1.06442e+08;1.10446e+08;9.8692e+06
-1.5464e+08;1.90789e+08;5.40542e+06
-1.53274e+08;3.67163e+08;1.2376e+07
-5.3689e+08;4.9097e+08;4.05015e+07
-5.73944e+07;6.62071e+08;-2.3198e+07
-1.1531e+08;5.18268e+08;-4.14939e+07
-1.76873e+09;7.44755e+08;-4.63394e+07
-1.55729e+09;1.90134e+08;-1.25621e+08
1.57975e+09;4.45234e+08;-2.14987e+08
-8.89975e+08;1.10612e+09;-7.81223e+07
3.3982e+09;-9.50173e+08;-1.42999e+08
3.81231e+09;-4.51821e+09;9.2074e+08
-5.32675e+09;-7.68719e+09;8.32525e+08
-2.76676e+10;-5.06074e+09;2.06129e+09
-1.55572e+10;3.1703e+08;1.10565e+09
-4.43777e+10;-7.1231e+09;1.65162e+09
-1.10669e+10;-1.04599e+10;-4.72064e+08
-6.486e+10;-9.9688e+09;-2.60757e+09
-7.32396e+10;-2.56908e+10;-4.4728e+09
-8.16239e+10;-7.68248e+10;1.43164e+10
-1.93152e+11;-1.46967e+11;2.83486e+10
-2.78505e+11;-1.05284e+11;2.38382e+10
-4.75615e+11;-6.18166e+10;3.67085e+10
-8.94709e+11;-1.85212e+11;5.31705e+10
-2.64339e+11;-1.52912e+11;8.66759e+10
-1.95063e+11;4.05884e+11;6.25838e+10
2.52076e+10;-1.34311e+11;2.00662e+11
-8.84625e+11;-4.71706e+11;1.61122e+11
4.4256e+12;3.47258e+11;-6.71369e+10
4.27663e+12;3.33123e+11;-2.87721e+11
5.63558e+12;-3.54096e+11;-3.31469e+11
3.00666e+11;9.09148e+11;-1.963e+10
8.74297e+12;1.39211e+12;-1.08667e+12
2.38909e+13;2.34754e+12;-9.9382e+11
1.83224e+13;6.71925e+12;-8.44085e+11
5.90063e+13;1.05748e+12;-1.85863e+12
3.52878e+13;1.99866e+12;3.3304e+11
3.87627e+13;-1.51706e+13;3.18044e+12
3.35944e+13;-7.26302e+11;1.0707e+13
6.77945e+13;4.12404e+13;1.20056e+13
-6.6816e+11;4.67354e+13;1.43479e+13
-1.11264e+13;1.90182e+13;1.34024e+13
-1.42143e+14;9.10452e+13;3.84992e+13
3.2343e+14;1.16586e+14;1.94893e+13
1.06761e+14;1.3177e+14;6.64818e+13
5.59229e+14;-1.30804e+13;9.72678e+13
4.0315e+14;-4.86944e+11;8.02869e+13
1.20443e+15;2.3398e+14;-2.53689e+13
6.48255e+14;5.59965e+13;-1.6944e+14
5.67044e+13;9.62171e+14;-5.7238e+13
-4.12727e+15;2.16408e+15;-3.39143e+13
-2.39385e+15;2.8546e+15;5.0766e+14
4.10688e+15;2.5434e+15;-1.60845e+13
9.30148e+15;4.44068e+15;-1.47859e+15
1.2821e+16;1.88365e+15;3.7174e+13
1.56886e+16;-2.34346e+15;1.48858e+13
3.11565e+16;-4.99317e+15;-1.23216e+15
2.82191e+16;-1.18527e+15;-5.50884e+15
1.62921e+16;1.36661e+16;-6.2276e+15
5.746e+16;1.48439e+16;-8.55055e+15
1.63388e+17;1.6163e+16;1.79675e+15
1.6659e+17;8.39293e+16;1.37205e+15
-3.03221e+15;1.11842e+17;1.12837e+16
8.14184e+16;2.11299e+17;-1.92713e+15
-3.45617e+17;1.16307e+17;-2.38545e+16
-1.02989e+17;8.61721e+16;-4.22942e+15
5.9693e+16;1.77033e+17;8.82403e+15
1.33031e+18;-2.69178e+17;1.20699e+17
9.8029e+17;-4.37073e+17;1.29232e+17
1.43019e+18;-1.31999e+18;7.8235e+16
1.33979e+18;-1.70872e+18;-4.16925e+16
3.19764e+17;-3.33656e+18;-3.47946e+17
5.68343e+18;-2.43564e+18;-2.08776e+16
5.5237e+18;-1.8061e+18;-7.07616e+17
1.28705e+19;-4.30654e+18;-4.70229e+17
1.5487e+19;-3.98559e+18;-1.82456e+18
1.55685e+19;-8.72629e+18;-1.5735e+18
2.64061e+19;-1.45943e+19;-2.49349e+18
1.75635e+19;1.88533e+18;8.1451e+17
3.65796e+19;2.78573e+19;-8.00288e+17
1.44634e+20;5.78644e+19;-5.93576e+18
1.71226e+20;9.71698e+19;-9.7423e+18
3.05451e+20;2.00683e+19;-2.83527e+18
3.2682e+20;-6.75379e+19;1.91317e+19
5.77309e+20;2.7821e+18;1.65712e+19
7.48031e+20;-5.98139e+18;5.07353e+19
5.94636e+20;1.82766e+20;2.21256e+19
1.88369e+20;3.37321e+20;-2.036e+19
2.68427e+20;2.85533e+20;-1.11383e+20
1.79308e+21;-1.02277e+20;-2.28754e+20
3.56548e+21;7.15452e+20;-1.42331e+20
5.2345e+21;-1.40328e+19;-4.56349e+20
1.37265e+22;2.12048e+20;-5.72524e+20
1.54997e+22;-8.56914e+20;-1.09692e+21
8.93115e+21;-2.597e+21;-9.36962e+20
1.25695e+22;-4.25788e+21;-8.95992e+19
3.44023e+22;-4.36972e+21;8.17914e+20
5.93856e+22;-4.76482e+21;1.31891e+21
1.12485e+23;-4.75682e+21;-1.87316e+21
7.24186e+22;-2.4786e+22;2.42329e+21
5.25728e+22;-2.22347e+22;1.89251e+20
2.67556e+22;-2.15956e+22;-1.39985e+21
2.25102e+22;-2.32913e+22;-1.4737e+22
-6.65007e+22;-4.6363e+22;-1.20627e+22
4.55467e+22;-9.09148e+22;-2.53703e+22
-1.11579e+23;6.09404e+21;7.94087e+21
-4.50146e+23;-1.3169e+23;1.37559e+21
-8.07767e+20;-3.49441e+23;2.12149e+22
-2.44094e+22;-5.1159e+23;1.45245e+23
4.04048e+23;-5.8656e+22;1.31061e+23
9.11139e+23;-4.40419e+23;2.66719e+23
1.9205e+24;-7.25387e+23;2.58976e+23
-7.15267e+23;-1.60134e+24;6.39283e+21
-3.33249e+24;-3.82499e+24;3.50407e+23
-1.20055e+25;-8.21421e+24;5.80536e+22
-9.03745e+24;-8.62601e+24;6.6341e+23
-6.25954e+24;-8.78247e+24;-1.50941e+23
-2.37039e+25;1.21073e+24;-2.60924e+23
-4.27534e+25;1.01987e+24;2.46273e+23
-3.24896e+25;2.24656e+25;-3.69364e+24
-1.33656e+25;-9.95025e+24;1.41008e+24
-6.83777e+25;-2.9497e+24;3.47677e+23
-9.5646e+25;-5.04732e+25;-6.22152e+24
-3.4465e+26;-1.00243e+26;-1.39677e+25
-3.58041e+26;-9.06579e+24;-6.98029e+24
-2.84389e+26;5.4096e+25;1.27798e+25
-2.41496e+25;-1.31263e+25;1.149e+25
-8.77381e+25;2.74501e+26;2.13541e+25
2.12703e+25;1.39778e+26;1.69768e+25
2.70943e+26;-1.74247e+26;1.74712e+25
6.07674e+26;1.46059e+25;-5.01066e+25
8.14908e+26;-6.60621e+26;-2.22929e+25
2.04493e+27;7.22268e+25;-1.72688e+25
5.87172e+27;-8.57061e+26;-2.2186e+26
3.68398e+27;-1.8865e+25;8.08288e+25
-1.91283e+26;1.4736e+27;5.15254e+26
3.35468e+27;-1.3704e+27;3.73053e+26
2.6999e+26;1.31791e+27;1.31084e+27
-8.49464e+27;6.03529e+27;3.98959e+27
-2.83462e+28;-1.40694e+28;5.98587e+27
-2.96216e+28;-1.15567e+28;4.76717e+27
-5.60111e+28;-9.95891e+27;3.27999e+27
-3.43785e+28;-1.06789e+28;6.5623e+27
-1.00939e+29;-1.15983e+28;1.59186e+27
-4.88969e+28;3.07977e+28;1.86897e+28
-2.73038e+28;-8.87043e+28;2.08802e+28
-2.1396e+29;-2.07639e+28;-3.8317e+27
-2.5619e+29;-6.48142e+27;3.13128e+28
-1.44732e+29;1.94928e+29;2.92399e+28
-7.60601e+29;3.39682e+28;9.96795e+27
-4.30572e+29;-1.06553e+29;3.72221e+28
1.0742e+30;-5.80299e+29;4.54514e+28
2.15668e+30;-6.57854e+29;1.0848e+29
1.11953e+30;-5.32104e+29;1.42847e+29
-1.62075e+30;-6.88557e+29;-7.12499e+28
3.94494e+30;-4.02052e+30;8.34904e+29
9.59851e+30;-4.81298e+30;7.539e+29
3.69015e+30;-3.40984e+30;1.71301e+30
-2.07541e+30;-7.17368e+30;2.23919e+30
-4.1671e+30;-2.7222e+30;9.04604e+29
-6.17489e+30;-1.66579e+31;3.31684e+30
6.07452e+30;8.81728e+29;-4.58679e+30
-3.10778e+31;3.62559e+31;-8.32946e+30
-5.05818e+31;6.50666e+31;-9.28973e+30
1.83387e+31;1.63367e+31;-9.99065e+30
9.27139e+31;1.86605e+31;-1.174e+31
4.30175e+32;3.02307e+31;-1.19167e+31
2.63332e+32;1.48837e+32;7.56657e+30
2.5696e+32;-3.90771e+29;-3.29124e+31
-2.36542e+31;2.82001e+32;3.11387e+31
-4.92949e+32;5.12899e+32;8.41091e+31
-1.15365e+32;4.61553e+32;1.28217e+32
1.28053e+33;9.23674e+32;1.14395e+32
4.14739e+33;9.71389e+32;1.31244e+31
3.71417e+33;3.71287e+32;-1.71778e+32
2.49784e+33;-1.66095e+32;-3.38813e+32
-4.25964e+33;3.12479e+32;-5.77044e+32
-4.6428e+33;1.38204e+33;-8.61059e+32
6.95024e+33;2.4138e+33;3.36647e+32
1.03798e+33;-3.75276e+33;3.05663e+33
2.85409e+34;5.68468e+33;3.75293e+33
2.06728e+34;1.60256e+34;4.05805e+33
4.79313e+34;1.89143e+34;5.76599e+33
3.91828e+34;-8.85662e+33;-3.39006e+33
1.02826e+35;1.03707e+34;4.7654e+32
2.32816e+35;2.7125e+34;2.15637e+32
3.89397e+35;-1.18939e+34;-4.68647e+33
2.86901e+35;-9.24983e+34;-2.58216e+33
6.45137e+35;4.02245e+34;-2.78463e+34
3.67211e+35;1.81102e+35;-5.50726e+34
2.30644e+35;3.73946e+35;-1.25383e+35
7.50096e+35;3.12249e+35;-1.01128e+35
1.68547e+36;6.28872e+35;1.97605e+34
-1.34441e+36;7.92711e+35;6.9281e+34
-3.99954e+36;1.2801e+36;6.42694e+34
-2.66243e+36;6.46757e+35;-2.92276e+35
-7.62032e+36;-1.97022e+35;-4.24056e+35
-8.06099e+36;-2.488e+36;-1.61996e+35
-6.66681e+36;-3.09091e+36;5.11067e+35
1.19523e+37;-1.73564e+36;4.7724e+35
6.9529e+36;-1.58229e+37;3.38938e+35
-2.77182e+37;-9.89398e+36;-3.31676e+36
-5.38917e+37;-1.30045e+37;-9.37656e+35
-5.63112e+37;-1.04503e+37;-2.25251e+35
-7.65123e+37;1.7286e+37;-6.56883e+36
-1.59294e+38;2.56845e+37;-8.56755e+36
-1.61029e+37;3.1975e+37;-1.03115e+37
-1.48084e+38;3.87787e+37;-2.5779e+37
-1.01731e+38;8.39898e+36;1.01189e+37
-3.34807e+38;8.00903e+37;7.19865e+36
-3.8251e+38;1.33345e+38;-4.08101e+37
-7.81936e+38;2.99729e+37;3.97047e+37
-7.05092e+38;-1.38119e+38;-6.2504e+37
-2.44725e+39;-8.84826e+38;-1.51142e+38
-2.17488e+39;-1.35331e+39;-1.15408e+38
1.26463e+38;-7.20697e+38;-2.53485e+38
-9.93949e+38;-1.27453e+38;-3.76777e+37
8.36734e+38;3.03601e+39;-9.78116e+36
-1.44631e+39;2.32383e+39;-9.63187e+38
-2.71119e+39;3.67278e+39;-3.31057e+38
-8.92924e+39;6.77195e+39;-6.71029e+38
-4.37478e+39;-1.05095e+39;-5.34348e+38
3.67794e+38;-2.65724e+39;3.33271e+38
-3.30731e+39;-8.71357e+39;-2.47712e+38
-3.8424e+40;8.39149e+39;-2.96588e+38
-7.29547e+39;2.09517e+40;6.85352e+39
-5.63695e+40;-1.46327e+40;2.52162e+40
-5.41348e+40;-6.32291e+40;1.80902e+40
2.66522e+41;4.09648e+40;2.19863e+39
-2.89617e+40;7.9114e+40;-2.10159e+39
-7.89289e+40;-3.97207e+39;2.26296e+40
1.18958e+41;8.19612e+40;9.83823e+39
5.07302e+41;1.3567e+41;5.61229e+39
7.92625e+41;1.99273e+41;-5.29937e+40
-8.18138e+40;-2.10686e+41;-1.83667e+40
3.41285e+41;-6.39549e+41;-5.29628e+40
8.27369e+41;-9.76241e+41;-7.77475e+40
-1.94508e+42;-1.15121e+42;5.05227e+39
-7.37499e+42;-1.12561e+42;-9.92851e+40
-1.53818e+43;3.01427e+42;3.67677e+41
-3.48237e+42;-1.08247e+41;7.53711e+41
3.7253e+42;-1.70226e+42;1.04404e+42
-1.48528e+43;1.64542e+42;1.9228e+42
3.35024e+42;4.17563e+42;3.14026e+42
-1.82548e+43;2.09271e+43;1.68125e+42
-6.01434e+43;4.14928e+43;4.57486e+42
-3.00353e+43;9.03185e+42;6.07241e+42
-1.95165e+43;-3.351e+43;1.46766e+43
-6.81776e+43;7.42799e+43;1.12288e+43
-2.2695e+44;4.55141e+43;-1.08768e+43
-3.65049e+44;-3.20763e+43;-3.48646e+43
-1.78014e+44;-1.99413e+44;-7.9899e+42
-8.58261e+44;-4.48242e+44;-1.23857e+43
-1.29378e+45;-6.15652e+44;5.08363e+42
-1.58507e+45;-5.24183e+44;3.89984e+42
-2.38457e+45;-3.55625e+44;1.63237e+44
-2.46553e+45;-1.33473e+44;9.93197e+43
-1.82655e+45;-3.1908e+44;1.08638e+43
3.62072e+45;-8.0359e+44;-9.40478e+43
-3.82957e+44;-1.83152e+45;4.70401e+44
-1.85017e+45;-2.21047e+45;-6.92951e+44
-1.60448e+46;-2.40212e+45;-1.57008e+45
-1.37496e+46;-7.78646e+45;-1.48926e+45
-1.82234e+46;-4.12097e+45;-1.50745e+45
-3.13918e+46;1.01807e+46;1.64615e+44
6.96423e+45;-5.74202e+45;2.9316e+45
8.67061e+45;5.00381e+45;1.23372e+45
5.92745e+46;2.61702e+46;1.34809e+46
9.68531e+46;2.22694e+46;2.06718e+46
-7.96315e+45;4.36675e+46;4.46183e+46
5.53027e+46;1.07912e+47;5.36517e+46
2.7148e+47;1.76123e+46;5.18917e+46
-2.60279e+47;2.10292e+47;3.83279e+46
-5.06495e+47;1.27312e+47;5.1134e+46
3.15116e+46;1.96549e+47;4.85581e+46
-1.07389e+48;-4.15607e+47;3.15887e+45
-2.5951e+48;-5.21377e+47;-1.30709e+47
-3.31406e+48;-5.23019e+47;-1.45527e+47
-5.59113e+48;1.70686e+48;-9.15911e+46
-5.51093e+48;4.41704e+47;-1.07339e+47
-2.43812e+48;5.0957e+47;-6.61982e+47
-3.68122e+48;-7.55603e+47;-4.77015e+47
-6.07224e+48;2.27269e+48;-1.20378e+47
2.95983e+48;-1.14256e+48;3.82261e+47
1.37054e+49;-1.09798e+48;2.72289e+47
2.65333e+49;7.57987e+48;3.24305e+48
-1.25591e+49;8.27213e+48;7.3414e+48
-7.3411e+48;8.11364e+48;1.34595e+49
-4.75266e+49;-7.83829e+48;1.19719e+49
-4.51579e+49;3.22085e+49;4.77989e+47
1.67869e+50;1.05721e+50;2.33074e+49
2.68564e+50;2.24732e+50;7.27943e+48
3.37851e+50;9.90227e+49;2.05804e+48
2.55137e+50;1.44959e+50;4.51277e+49
-2.15676e+49;1.24045e+49;5.08005e+49
-3.93169e+50;-3.56637e+49;1.89718e+50
-2.67342e+51;-6.01358e+50;1.9733e+50
-2.08735e+51;-3.03642e+49;3.02593e+50
-2.47783e+51;-4.84877e+50;3.67516e+50
-7.48514e+51;-6.69557e+50;4.92024e+50
-9.20133e+51;-3.58699e+51;-3.61945e+50
-3.90874e+51;-6.28445e+50;-1.38874e+51
-4.53706e+51;-3.92648e+51;-1.17871e+51
-2.30218e+52;-3.85968e+51;-1.68238e+51
-3.19323e+52;6.49316e+51;-2.93104e+51
-2.50802e+52;3.17586e+51;-1.39075e+51
-4.14479e+52;1.64967e+52;-6.67981e+51
-1.10058e+53;-1.27335e+52;-1.0171e+52
-1.06657e+53;6.35186e+51;-5.5628e+51
-8.38403e+52;4.03154e+52;9.63964e+51
-3.50657e+51;-3.65092e+52;6.97862e+51
2.12867e+53;3.88913e+52;-4.95779e+50
2.50348e+53;2.2369e+52;-2.63314e+52
5.96345e+53;2.07634e+53;-2.55601e+52
3.56595e+53;5.55874e+53;-2.20885e+51
9.29351e+52;5.26972e+53;-4.09566e+52
1.11532e+54;8.75659e+53;-8.93349e+52
8.91225e+53;1.13738e+54;-1.62237e+53
1.46511e+54;1.61371e+54;-9.097e+52
2.71185e+54;1.59351e+54;1.07249e+53
6.46266e+54;1.6889e+54;-9.84417e+52
2.9848e+54;2.08442e+54;-1.07043e+54
1.42725e+55;-5.69399e+53;-1.37532e+54
1.17804e+55;-2.92596e+54;-1.71865e+54
-1.02986e+55;5.17309e+53;-2.70804e+54
2.38327e+55;-6.24828e+53;-4.11813e+54
1.99676e+55;-1.23052e+55;-7.1518e+54
-6.56383e+54;-8.49755e+54;-4.1888e+54
-1.35737e+55;-1.94492e+55;-1.04717e+54
-2.00112e+55;-2.76676e+55;-7.77716e+54
-4.93969e+55;-8.19553e+55;-7.28862e+54
-9.93927e+55;-1.77593e+55;1.33832e+54
-1.22131e+56;2.31652e+55;1.77098e+55
4.03656e+56;-4.43023e+55;3.77671e+55
3.82101e+56;-7.37595e+55;5.71498e+55
-9.80132e+56;1.80951e+56;9.2765e+55
-1.0138e+57;2.24983e+56;3.88629e+55
-9.08124e+56;4.33234e+56;1.25155e+56
-1.09068e+56;7.25083e+56;2.06716e+56
5.56985e+56;1.62854e+57;3.90919e+56
2.34057e+56;1.22624e+57;4.56155e+56
1.09017e+57;2.7395e+57;3.99363e+56
7.37206e+57;3.5346e+57;-1.73907e+56
1.7693e+58;3.50421e+57;-1.14797e+55
2.01859e+58;6.07585e+57;3.65609e+56
3.78455e+58;9.65613e+57;-5.66714e+56
4.64085e+58;-4.26442e+57;-9.34255e+56
7.77725e+58;2.92937e+57;-1.75256e+57
8.02421e+58;1.37162e+57;-4.21283e+57
1.01262e+59;1.41955e+58;-5.98191e+57
2.59538e+58;4.2182e+57;3.25165e+57
-1.84595e+58;-2.01659e+58;1.25552e+58
-1.18408e+59;2.48132e+58;1.57739e+58
-2.7652e+59;3.57575e+58;1.31525e+58
-1.78928e+59;1.20262e+59;2.38203e+58
-6.24138e+59;-8.20852e+58;-4.31143e+57
-5.54735e+59;-3.3529e+59;2.86365e+58
-3.37284e+59;-4.59958e+59;5.31004e+58
-4.71674e+59;-3.42874e+59;7.58099e+58
-1.58003e+60;-8.23676e+58;1.63784e+59
-1.0379e+60;-8.24133e+57;1.38158e+59
-3.1166e+60;1.52356e+60;2.72119e+59
-1.2679e+61;2.45585e+60;-2.88707e+58
-1.13881e+61;4.34891e+60;-1.99255e+59
-1.81784e+61;3.57053e+60;-6.43176e+59
-2.74919e+61;9.97381e+60;-7.60352e+59
-3.44089e+61;1.88306e+61;-1.24018e+60
-4.41168e+61;2.30891e+61;4.49616e+57
-5.52398e+61;1.85208e+61;9.92167e+59
-2.08892e+61;-5.29697e+60;-5.17722e+60
-3.92998e+61;7.44482e+60;-7.04626e+60
-4.23289e+61;8.0591e+59;-6.89894e+60
8.43612e+61;9.72809e+60;-8.40243e+60
6.66484e+61;2.63466e+61;-4.286e+59
-2.7338e+61;1.54959e+62;2.00539e+61
-1.4638e+61;1.50859e+62;3.53399e+61
-1.48813e+62;1.63624e+62;1.91211e+61
1.77155e+62;1.43276e+62;-4.40986e+61
-1.19414e+63;2.41975e+62;-1.84634e+62
4.98826e+62;-1.94356e+62;-4.83419e+61
6.26063e+62;4.33804e+62;-4.06179e+61
-1.21255e+63;-1.67552e+62;-1.05792e+62
4.45509e+62;5.40644e+62;-2.15787e+62
2.87909e+63;-8.26132e+62;2.07361e+62
9.04036e+63;-1.01766e+63;2.18106e+61
1.46829e+64;-7.06941e+63;-7.58143e+62
2.46809e+64;-1.09879e+64;-6.12564e+62
3.0021e+64;-8.04881e+63;-4.28914e+62
1.55082e+64;-1.03517e+64;-1.03045e+63
7.54346e+63;-5.41593e+63;-7.95634e+62
-2.29142e+64;8.13722e+63;2.27008e+63
3.81878e+64;-2.80933e+63;3.04278e+63
-5.43891e+64;-2.43324e+64;3.27338e+63
-8.99104e+64;-4.55127e+64;1.515e+64
-3.8553e+64;-4.36918e+64;1.21226e+64
5.72846e+64;-1.71264e+65;6.10809e+63
9.96814e+64;-2.11588e+65;5.6996e+63
-3.6113e+65;5.61588e+64;-1.68544e+64
-6.8258e+65;1.17469e+65;-7.15251e+64
-5.61323e+65;3.32317e+65;-7.04897e+64
-2.05845e+66;2.12079e+65;-1.93576e+65
-1.06807e+66;-1.07619e+66;-1.49081e+65
-2.02645e+66;-8.36246e+65;-1.45453e+65
-3.78998e+65;-3.8201e+65;-1.31267e+65
7.56505e+66;-1.97447e+66;1.85619e+64
1.61152e+66;-1.74107e+65;-1.9995e+65
2.34808e+66;-1.09802e+66;4.38756e+64
-5.39711e+66;-1.15674e+66;-1.02685e+66
-1.87801e+67;1.07763e+67;1.72383e+66
-4.07878e+67;2.05691e+67;1.11424e+66
-2.2445e+67;1.47185e+67;4.72119e+65
-1.00326e+68;3.03712e+67;-2.2341e+66
1.41035e+66;-1.24563e+67;-2.70259e+66
-1.21045e+67;-1.79597e+67;-1.52321e+67
1.65848e+67;4.08119e+67;-1.46029e+67
6.41021e+67;4.37443e+67;-1.66054e+67
-2.17705e+68;3.99611e+67;3.54866e+67
-2.26469e+68;1.96607e+68;-9.51461e+66
-5.44786e+68;1.27762e+68;-3.81061e+67
-5.36665e+68;4.4342e+68;-5.07709e+67
-1.46629e+69;5.05304e+68;-5.16938e+67
-2.73429e+68;1.08358e+69;-1.36157e+68
1.04627e+69;1.11176e+69;-7.49962e+66
5.19561e+69;1.66331e+69;-2.58027e+67
3.36163e+69;2.64073e+69;2.09649e+68
3.9437e+69;4.80409e+69;-2.79658e+68
1.40574e+69;5.26283e+69;-2.92267e+68
-8.19275e+69;9.90165e+69;3.69063e+68
-9.75769e+69;8.31815e+69;1.59605e+69
-1.67974e+70;1.26962e+70;1.97019e+69
-7.95817e+69;-2.08057e+70;2.76475e+69
-3.75008e+70;-4.32734e+69;6.15759e+69
4.51133e+69;-3.42653e+70;8.85029e+69
-5.89615e+68;4.10229e+69;6.07346e+69
1.84593e+71;3.47935e+70;1.10747e+70
3.06208e+71;-1.08343e+70;1.33349e+70
6.09276e+71;1.6692e+71;5.17752e+69
9.07201e+71;2.28392e+71;-3.54663e+69
3.81222e+71;7.94985e+70;-4.95905e+70
-5.94846e+71;3.3277e+71;-4.08889e+70
-2.18545e+72;2.62157e+71;-9.16398e+70
-1.67848e+72;-1.70614e+71;-3.30799e+70
-2.93835e+72;6.75766e+71;6.29076e+70
-3.16664e+72;-1.11426e+71;-7.19693e+70
-4.18302e+72;-5.88315e+71;-2.99825e+71
2.06398e+72;-9.84019e+71;-3.73676e+71
-9.02541e+71;-4.51399e+72;-3.05132e+71
-8.39728e+72;-2.11317e+72;1.9852e+70
-7.01692e+72;-6.8689e+72;1.78963e+72
-2.68848e+73;-5.6077e+71;3.53277e+71
-3.27894e+73;6.1943e+72;3.6293e+72
-7.48986e+73;1.51529e+73;3.13868e+72
-4.90826e+73;-1.36686e+73;1.04533e+73
-9.13866e+73;-1.91141e+73;3.24746e+72
-2.00536e+74;-1.10328e+73;7.61169e+72
-2.45554e+74;-8.12043e+73;-5.70346e+72
-1.48933e+74;-8.18671e+73;-4.10986e+73
-1.44354e+74;-1.08544e+74;-3.6666e+73
3.50466e+74;-1.26145e+74;-3.40896e+72
2.76675e+74;-5.97807e+73;2.6146e+73
5.25565e+74;1.3902e+74;5.20199e+73
3.7192e+74;4.22879e+74;3.25867e+73
-1.63405e+75;3.29219e+74;2.89781e+74
-4.72919e+75;5.88927e+74;4.83995e+73
-4.43315e+75;1.17785e+75;3.14149e+74
-7.80874e+75;4.59139e+74;5.47375e+74
-1.58338e+75;-8.70733e+74;-1.89677e+74
9.75218e+75;-1.27435e+75;6.09637e+74
1.48426e+76;-3.19259e+75;1.12359e+75
1.71892e+76;-2.99182e+75;-2.29784e+73
9.18441e+75;-2.35324e+75;-9.66223e+73
7.11648e+74;6.59404e+75;3.60859e+74
-5.84844e+76;1.99052e+76;-1.4545e+75
-1.01559e+77;4.35042e+76;-6.84535e+75
-2.21879e+77;2.86099e+76;-9.57391e+75
-3.29267e+77;4.2643e+76;-1.18192e+75
-3.42756e+77;4.92075e+76;1.13679e+76
-1.45826e+77;6.83329e+76;-4.04545e+75
2.21379e+77;5.60328e+76;-1.13295e+76
2.90991e+77;7.40489e+76;-1.94605e+76
5.84955e+77;-1.02925e+77;-9.01921e+76
5.48578e+77;4.13723e+76;-3.79197e+76
5.45157e+77;-7.18747e+77;-2.51295e+76
3.99211e+76;-1.78333e+77;2.61418e+77
-3.4632e+77;-1.83463e+78;1.87671e+77
-1.98942e+78;-3.04215e+78;3.36072e+77
-4.11687e+78;-2.77967e+78;6.53781e+75
-7.21106e+78;-1.79927e+78;2.9133e+77
-7.79544e+78;-1.86952e+78;-1.311e+77
1.46237e+78;6.02878e+78;-4.27923e+76
1.2762e+79;4.53252e+78;-1.54546e+77
-8.74664e+78;3.90919e+76;-2.54154e+78
4.74545e+79;6.63902e+78;-1.48405e+78
4.23089e+79;3.19312e+78;-5.23547e+78
-1.68198e+79;1.03287e+79;-7.67643e+78
-7.16529e+79;2.14061e+79;-1.48337e+79
-1.23356e+80;-5.1699e+79;5.48074e+77
-2.75913e+80;-4.08366e+79;2.00864e+79
-3.17772e+80;-2.42168e+79;2.18609e+79
-3.93019e+80;-1.67101e+80;6.54443e+79
-1.17417e+81;-1.06067e+80;6.52149e+79
-1.57134e+81;-3.06473e+80;6.80971e+79
-4.99416e+80;-3.84244e+80;-7.34038e+79
1.28491e+81;-4.65921e+80;-2.84604e+80
-5.10219e+80;-6.11845e+80;-1.87152e+80
-2.53673e+80;-7.86339e+80;-1.64754e+80
7.02506e+80;-1.43507e+81;7.01935e+79
4.95695e+81;8.59664e+80;4.31844e+79
1.18076e+82;-8.67877e+80;2.92075e+80
1.1164e+82;-5.45266e+80;-2.86195e+79
6.25661e+81;5.06751e+81;9.41152e+79
1.74258e+82;2.96705e+81;-1.63289e+81
2.84235e+82;7.80549e+81;-1.68375e+81
5.35829e+82;2.5846e+81;-3.63838e+79
1.43858e+82;-2.04504e+82;-3.88112e+81
8.47684e+80;-2.78747e+81;-5.36486e+81
8.11681e+82;-4.44385e+81;7.89939e+81
9.71335e+82;-3.71946e+82;5.20143e+80
8.11478e+82;-8.59735e+82;-9.50455e+81
8.17972e+82;-8.70593e+82;1.01497e+82
8.1545e+82;-3.07871e+83;-1.99484e+82
1.15746e+82;-5.32528e+83;2.13656e+82
-3.21264e+83;-5.04839e+83;1.12197e+82
-1.93722e+83;-8.20164e+83;4.75983e+82
1.73879e+84;-1.16995e+84;1.82922e+83
4.80168e+84;-5.18859e+83;3.18865e+83
9.96522e+83;-1.24916e+84;1.51703e+83
2.97082e+83;-1.46144e+84;7.80289e+83
-1.04682e+83;-3.27381e+84;7.3957e+83
5.03181e+84;-1.7039e+84;6.58618e+83
2.9732e+84;2.44664e+84;2.18784e+83
-2.74515e+84;4.56242e+84;1.66718e+84
-1.81332e+85;2.82688e+84;2.8018e+84
5.5411e+84;-4.37178e+83;3.56736e+84
1.53133e+85;-4.21877e+84;5.69312e+84
4.58275e+85;-8.56567e+84;9.34778e+84
1.19526e+85;-1.78049e+85;6.39073e+84
3.53536e+85;-8.56437e+85;8.60953e+84
1.40159e+86;-7.64131e+85;2.31351e+84
8.0447e+85;-8.4283e+85;-1.04758e+84
-5.54464e+85;-1.98852e+86;7.36016e+84
4.15143e+86;-1.11219e+86;-1.16571e+85
7.18854e+86;1.40628e+86;2.78308e+85
1.38821e+87;-3.93111e+85;5.2949e+85
1.80945e+87;-5.61715e+86;1.08627e+86
2.53848e+86;-5.26684e+86;1.29842e+86
6.29226e+86;-1.66019e+87;1.12425e+86
2.23235e+87;-1.55185e+87;4.65843e+86
-4.07642e+86;-3.97592e+87;-1.87311e+85
3.28575e+87;-4.49646e+87;-1.81926e+86
-2.2787e+87;-2.01451e+87;-4.57694e+86
5.41053e+86;-2.67393e+87;-3.0716e+86
1.2442e+88;-6.96788e+87;1.41837e+87
8.71251e+87;-1.48032e+88;2.65632e+87
1.68506e+88;-1.09305e+88;4.08354e+87
2.58291e+88;-1.58714e+88;6.77876e+86
7.45365e+88;-1.59516e+88;7.26616e+87
8.78336e+88;-3.17677e+88;5.58749e+87
-6.43328e+88;-2.66771e+87;1.743e+88
1.75841e+89;3.76167e+87;3.2727e+88
2.13727e+89;2.57496e+88;4.51493e+88
2.01787e+89;9.75548e+88;2.1349e+88
7.42072e+89;-2.91971e+88;-3.70878e+88
1.37192e+90;-3.06822e+89;1.84945e+88
4.36227e+89;-2.68236e+89;-5.05427e+88
-7.26032e+89;-8.70062e+89;-2.21616e+88
4.0744e+89;-1.3634e+90;-1.67753e+89
1.30834e+90;-1.29964e+90;6.06689e+88
8.94292e+89;-1.96559e+90;1.39842e+89
1.40026e+90;-5.84349e+89;-1.88759e+89
3.91245e+90;-3.41701e+90;-3.99402e+89
3.68741e+90;1.39675e+90;7.03866e+89
7.06875e+90;-3.57797e+90;8.46917e+89
9.7492e+89;-4.42403e+90;1.59856e+90
2.02863e+91;1.90876e+90;1.53607e+90
2.84468e+91;2.18722e+90;3.45603e+90
4.55576e+91;-3.61766e+89;3.93325e+90
-3.53409e+91;-4.4274e+90;3.64964e+90
-1.08594e+90;7.77749e+90;1.08688e+91
-2.7001e+91;3.85205e+91;2.25738e+90
-2.3313e+92;3.91938e+91;2.96333e+91
-2.32045e+92;6.27007e+91;2.18365e+91
-3.81291e+92;4.84981e+90;-3.59952e+91
-1.92631e+92;-1.30194e+91;-6.55398e+91
-8.28194e+92;-1.67132e+91;-1.2834e+90
-8.37943e+92;-3.56041e+92;-4.53839e+91
-1.59547e+93;1.19653e+92;-1.47301e+92
-2.61483e+93;2.21209e+92;-2.78883e+91
-2.81172e+93;1.29619e+93;-8.6141e+91
-1.64798e+93;6.35464e+92;-5.51762e+92
4.32053e+92;2.82035e+93;-1.95088e+91
-1.26907e+92;5.4379e+92;1.44616e+92
5.68583e+92;1.98359e+93;2.11987e+92
1.44901e+94;2.72218e+93;-9.01724e+92
-6.49612e+93;6.40607e+93;1.34127e+93
4.03696e+93;1.88284e+94;1.41548e+93
3.53914e+94;1.71046e+94;7.8315e+92
5.11227e+94;-9.95175e+93;-2.95694e+93
1.20975e+95;2.67736e+94;-4.48436e+93
1.58105e+94;3.72377e+94;-4.41623e+93
-9.01905e+94;-7.69943e+93;-1.71608e+93
-2.30858e+95;-7.82362e+94;6.83112e+93
-2.6125e+95;1.40038e+95;2.31533e+94
1.69928e+95;5.70749e+94;5.30889e+92
-6.3328e+95;5.48799e+95;-2.13442e+94
-7.62453e+95;3.79326e+95;5.79104e+93
-1.75914e+96;6.96349e+95;1.95735e+95
-1.09623e+96;6.20408e+95;1.67851e+95
1.49846e+96;6.2241e+95;4.03069e+95
3.15711e+96;1.42826e+96;6.54047e+95
6.64453e+96;1.02547e+96;7.12457e+95
6.92902e+96;-2.29756e+95;8.48669e+95
1.0664e+97;8.72488e+95;6.331e+95
3.36401e+96;-2.76821e+96;5.05275e+94
1.90072e+97;-4.04317e+96;9.62173e+94
2.8044e+97;5.67275e+96;-6.00921e+95
4.29517e+97;-6.38277e+96;-7.11642e+95
5.41633e+97;-2.35664e+97;-7.8777e+95
7.21288e+96;-2.64276e+97;-6.26271e+96
4.51746e+96;-2.3113e+97;-5.36509e+95
9.0177e+97;-9.01835e+97;9.90031e+95
2.02741e+98;-1.08606e+98;1.23221e+97
2.81457e+98;-1.09006e+98;1.19973e+97
3.3977e+98;3.72505e+97;2.78367e+97
5.88437e+98;-5.66898e+97;1.75883e+97
4.77808e+97;1.9697e+98;-8.78078e+96
5.13225e+98;1.85027e+98;2.8089e+97
-9.21284e+97;2.03052e+98;1.52678e+98
-1.28718e+99;-1.51013e+98;2.99294e+98
-2.08766e+99;-4.01544e+97;2.65043e+98
-4.67194e+99;2.2441e+98;2.16905e+98
-4.38106e+98;1.3177e+98;5.13383e+98
1.00857e+99;3.81098e+99;4.48437e+98
8.62268e+99;2.48806e+98;2.37563e+98
9.04075e+99;-5.41856e+98;1.57004e+99
-4.12034e+99;4.19881e+99;-7.48484e+98
-1.28779e+100;1.48207e+99;1.60588e+99
-5.34467e+99;-5.46708e+98;-1.30927e+99
1.65825e+100;-1.91244e+100;1.16536e+99
3.20944e+100;4.26474e+99;-7.19126e+98
-1.23683e+101;3.5321e+100;3.37739e+99
-9.93615e+100;3.7823e+100;-1.31348e+100
1.19055e+101;4.65509e+99;-1.8368e+100
8.83303e+100;-3.02174e+100;-3.24456e+100
-2.11786e+101;-1.22714e+101;-9.36452e+99
-1.02642e+101;-4.78875e+100;-5.89258e+100
2.11899e+101;2.07582e+101;-5.97178e+100
-6.25064e+101;1.07781e+102;-7.40563e+100
-5.34474e+101;6.83116e+101;1.0545e+100
-3.66863e+102;5.13172e+101;-1.16107e+101
-6.75241e+102;-6.27754e+99;-7.732e+100
-5.999e+102;-2.83366e+101;-7.89665e+100
-9.94558e+102;-1.59073e+102;3.24436e+100
-1.11912e+103;-3.85292e+101;2.97484e+101
-1.20391e+103;2.34849e+101;4.62026e+101
-1.77259e+103;-2.22074e+102;-3.6943e+101
-1.04451e+103;-8.37029e+102;2.37329e+101
-1.80153e+103;-1.26398e+103;9.72818e+100
7.12329e+102;-1.31012e+103;-1.99435e+102
7.35961e+102;7.79688e+100;1.42693e+102
5.05331e+103;3.40893e+103;-4.35287e+102
6.93572e+103;1.91959e+103;-5.61592e+102
-7.0183e+103;8.37603e+103;-9.56396e+101
-6.05574e+103;1.2043e+104;4.61321e+102
-6.22398e+103;2.15122e+104;1.67561e+103
1.24616e+104;3.53073e+104;5.52297e+103
7.16722e+103;3.43633e+104;8.54929e+102
-3.20825e+104;3.89204e+104;3.2249e+103
4.31009e+104;4.81633e+104;-4.76857e+103
-3.58034e+104;1.00574e+105;-4.40918e+103
-1.09556e+105;-1.05702e+104;-1.45813e+104
-1.85755e+105;5.31191e+104;-2.94777e+104
-1.48783e+105;3.15967e+104;-5.53721e+104
2.93073e+105;6.5044e+104;-8.04603e+104
1.58216e+105;-3.35331e+104;-1.32399e+105
3.26852e+105;-6.34329e+103;-2.72678e+105
-2.16031e+105;3.9091e+104;-3.9566e+105
-5.09999e+105;5.70091e+105;-3.51916e+105
1.59963e+106;-8.57794e+105;-6.68791e+104
-2.46901e+106;-1.51951e+106;-1.27814e+105
-4.11993e+106;-2.32888e+106;1.34295e+105
-8.4524e+106;-6.123e+106;2.90203e+105
-1.27207e+107;-6.52018e+106;2.1504e+105
-6.13836e+106;-8.59068e+106;-7.84057e+105
-1.02939e+107;-4.94871e+106;-2.33054e+106
-2.09097e+106;5.37374e+105;-4.0184e+106
-2.36417e+107;2.46985e+107;-6.86893e+106
-3.32006e+107;3.70207e+107;-5.53306e+106
9.13055e+106;3.72655e+107;-1.65782e+107
1.0512e+108;-2.66884e+107;-2.40488e+107
1.03364e+107;-2.65443e+107;-2.57542e+107
1.02279e+108;-4.27397e+107;-3.24471e+107
6.73519e+107;-8.09493e+107;-5.02894e+107
-5.0052e+107;1.69699e+107;-9.73478e+107
3.75506e+108;2.69247e+108;-7.85977e+107
4.90924e+107;2.61946e+108;-1.3468e+108
-1.57352e+109;5.57028e+108;-2.33376e+108
-1.02379e+109;2.25799e+108;-1.57007e+108
-5.39746e+108;-2.53228e+108;1.23039e+108
-3.46985e+109;1.47855e+107;7.41246e+107
1.49782e+109;2.01896e+109;4.43546e+107
5.12915e+109;2.81476e+109;-2.49719e+108
1.66379e+110;3.73887e+109;-2.81507e+108
1.22549e+110;8.15898e+109;4.69085e+108
1.47961e+110;1.70149e+110;-2.0971e+107
2.11763e+110;6.47816e+109;-1.31312e+109
4.83056e+110;9.19435e+109;-1.57141e+109
2.68235e+110;1.54455e+110;-9.69591e+108
8.44847e+110;3.05162e+110;2.74768e+106
1.38853e+111;2.69915e+110;-4.59196e+109
-4.36333e+110;1.00317e+110;1.65437e+109
-7.07783e+110;-3.1698e+110;-1.36876e+110
1.8923e+111;-3.04601e+109;1.49612e+110
4.36745e+110;4.56146e+110;1.54234e+110
-4.79868e+111;-5.51014e+110;5.27615e+110
-8.48771e+111;-4.73149e+111;-1.58566e+110
-2.00885e+112;-2.91558e+111;-4.75724e+110
-2.09972e+112;-3.64381e+111;-1.01328e+111
-2.19452e+112;-6.1929e+111;-7.90143e+110
-4.07029e+110;-4.90206e+111;3.14375e+111
3.52179e+111;-1.01811e+112;1.64943e+111
4.09015e+111;3.05974e+111;4.30784e+111
7.7093e+111;-1.20402e+112;-2.78781e+110
3.39699e+112;-3.63069e+112;7.07318e+111
-1.99775e+113;-7.50579e+112;2.61439e+112
-6.14266e+112;-1.0737e+113;1.69008e+112
-9.43453e+112;-8.78022e+112;1.23863e+112
3.90466e+113;-1.94155e+110;-1.04148e+111
5.88024e+113;-1.02097e+112;1.10501e+112
1.05598e+114;-2.75986e+113;-2.00471e+112
4.44645e+113;-3.69977e+111;-5.78743e+112
1.52075e+114;-4.92753e+113;-6.83507e+112
7.31166e+113;-8.56454e+112;-2.21803e+113
2.36792e+114;-8.81951e+113;-2.64932e+113
-1.42714e+113;4.89803e+113;-2.85138e+113
5.26191e+114;-4.44025e+113;-1.97181e+113
3.06659e+114;-4.06194e+114;-6.20872e+113
-1.11224e+115;-1.93719e+114;-6.56792e+113
-1.98154e+113;-3.49346e+114;2.87149e+113
5.88541e+113;6.35249e+114;-5.17384e+113
-7.35902e+114;-1.41654e+114;-2.91271e+114
-1.46487e+115;2.66044e+114;-4.87388e+114
-2.32123e+115;3.81046e+114;-6.04067e+114
1.29638e+115;-3.49627e+115;-7.76405e+114
5.17878e+114;-8.77356e+112;-8.47191e+114
1.46824e+116;1.77221e+115;-1.18026e+115
2.23889e+116;3.93256e+115;-1.20192e+114
4.92722e+116;1.42081e+115;-3.88324e+114
9.41054e+116;3.74031e+113;-1.52132e+115
1.1445e+117;-1.04837e+116;5.62254e+115
1.46083e+117;-1.75212e+116;5.5411e+115
9.34342e+115;-8.31992e+115;1.50493e+116
5.26077e+116;5.94583e+116;1.33158e+116
4.20412e+116;5.76275e+116;3.0851e+116
2.53762e+117;-4.78217e+116;2.44189e+116
5.75113e+117;-8.82455e+116;1.69312e+116
-2.35589e+117;-1.53722e+117;3.67882e+116
1.89021e+117;-1.30734e+117;-6.54248e+115
4.95999e+117;-3.65055e+117;1.12472e+117
1.50537e+118;-1.72225e+117;-7.59227e+116
3.23867e+118;-8.32275e+117;2.34764e+115
3.48254e+118;-7.57007e+117;-3.23335e+117
9.93921e+118;-1.82156e+118;-5.02435e+116
9.07083e+118;-2.22715e+118;-1.5089e+117
1.07909e+119;-2.733e+118;4.01349e+117
1.46626e+119;6.32899e+117;-6.26377e+116
2.19506e+119;-4.13593e+118;-1.3456e+118
2.14852e+119;-1.169e+118;-3.04692e+118
2.95048e+119;-6.56068e+118;-2.92007e+118
1.17419e+119;-1.32368e+119;-5.32047e+118
3.01449e+119;9.91484e+117;-1.78568e+118
5.61439e+119;-9.28306e+118;4.26427e+118
4.92907e+119;-4.85976e+119;1.11417e+119
2.67147e+119;-4.188e+119;1.34897e+119
5.99532e+119;1.33511e+119;2.30312e+119
1.05721e+120;2.73018e+119;3.46734e+118
-3.2397e+120;1.45546e+120;2.79411e+119
-7.6884e+120;-7.24404e+119;6.4929e+118
-3.11014e+120;-1.7857e+119;-5.87008e+119
5.92882e+120;1.51265e+120;-9.22857e+119
2.06013e+121;9.29668e+120;-6.57656e+119
1.44402e+121;1.49756e+121;-1.93275e+120
2.29783e+121;-2.34867e+119;-3.69935e+120
3.92782e+121;-8.01757e+120;-1.82451e+120
1.07543e+122;1.24817e+121;-4.02885e+120
1.80315e+122;9.49503e+120;-3.58713e+120
2.01155e+122;6.81169e+120;-1.08974e+121
9.71781e+121;2.10588e+120;-2.83665e+121
-1.47301e+122;-7.63661e+121;-9.97939e+120
-2.44278e+122;-4.71413e+121;4.84954e+121
-1.66184e+122;-1.2825e+120;3.30325e+121
-5.41423e+121;1.9309e+122;-4.37186e+121
2.24285e+122;6.30998e+122;-9.70406e+121
6.35642e+122;6.82678e+122;-1.26267e+122
4.27935e+122;1.00394e+123;6.37222e+121
5.82586e+123;1.1228e+123;1.25576e+120
8.10696e+123;8.69055e+122;1.47248e+122
3.73324e+123;1.33775e+123;-2.08657e+122
7.54852e+123;8.33011e+122;3.29371e+122
4.09214e+123;8.70873e+122;5.39639e+122
3.3917e+123;2.02472e+123;1.94438e+123
-1.8793e+123;-1.40918e+123;2.77763e+123
1.99572e+123;8.19575e+123;3.26057e+123
-6.13803e+123;5.62708e+123;2.40987e+123
2.4697e+124;1.17368e+124;-3.04096e+123
-1.34825e+124;4.47087e+124;-1.0237e+124
3.83469e+124;4.72925e+124;-8.30928e+123
2.12048e+125;8.55703e+124;-1.81101e+123
1.11661e+125;7.11564e+123;-5.8722e+123
8.8607e+124;5.49959e+124;6.67052e+123
5.25019e+125;2.82346e+124;-7.44066e+123
1.02309e+126;-4.20547e+123;-3.0819e+124
1.41208e+126;-2.15555e+125;7.25305e+123
5.08469e+125;-1.08617e+125;-3.92195e+124
1.92116e+126;-1.44765e+125;-1.64961e+125
-4.32855e+125;-8.01114e+124;-1.77977e+125
-1.36644e+126;3.34345e+125;4.99251e+124
1.07997e+126;-1.50318e+125;-2.08252e+125
1.92271e+126;1.48557e+126;-3.25629e+125
5.99027e+126;4.55947e+126;2.57971e+125
4.89524e+126;5.59999e+126;1.39167e+126
8.03109e+126;1.19943e+127;7.53506e+125
1.59529e+127;1.15299e+126;6.55838e+125
-1.03702e+127;-1.75036e+126;1.94475e+126
2.59335e+126;1.22452e+127;-2.26346e+126
-6.05688e+126;-9.06908e+125;3.04765e+126
1.0473e+127;2.46314e+126;-1.37069e+126
4.10353e+127;1.80041e+127;-3.2168e+126
2.10027e+128;2.54652e+127;1.46909e+127
9.91941e+127;9.43153e+127;7.70532e+126
1.42527e+128;2.40876e+128;-2.96149e+126
1.46083e+128;2.73638e+128;-2.52366e+127
2.00635e+128;5.09146e+128;-1.08264e+127
3.69112e+128;2.09345e+128;4.70521e+127
-1.43286e+128;-1.01172e+128;7.11435e+127
1.21629e+129;-8.28107e+127;2.73294e+127
-1.33286e+129;9.09313e+128;-1.98901e+127
-5.85128e+128;1.60795e+129;2.31483e+128
1.57026e+129;-3.81673e+127;4.2769e+128
-1.57911e+129;3.00251e+129;4.78699e+128
-7.52674e+129;3.91086e+129;9.64971e+127
-3.33471e+129;8.00963e+129;3.41647e+128
-1.56442e+130;8.7423e+129;-4.91449e+128
2.61857e+128;1.47692e+129;2.02572e+129
-1.5139e+130;1.3767e+130;1.17502e+129
-7.82527e+130;4.9788e+129;1.81721e+129
-1.89134e+131;-1.17824e+130;3.31443e+129
-1.94879e+131;4.98602e+128;1.14448e+130
-1.61876e+131;4.52169e+130;2.26316e+130
-2.5475e+131;8.91542e+130;2.39484e+130
-3.09947e+131;1.7767e+131;2.29207e+130
-2.94858e+131;3.43595e+131;2.45903e+130
-5.82225e+131;2.20936e+131;3.16715e+130
-9.807e+131;2.14764e+131;-2.18902e+130
-8.57224e+131;5.68367e+131;-4.55817e+130
-9.71559e+131;6.18875e+131;-8.66496e+129
-1.98519e+132;1.06327e+132;-2.16485e+130
-2.19273e+131;2.1835e+132;-3.31744e+131
1.62956e+132;3.51196e+132;-3.45204e+131
2.73984e+131;1.80678e+132;-1.0146e+131
-1.95182e+132;1.0344e+132;-2.47497e+131
-2.93601e+132;1.61633e+132;7.24554e+131
7.30989e+132;3.97655e+132;1.04757e+132
-9.08326e+132;6.61455e+132;1.22123e+132
-1.74817e+133;4.16925e+132;7.07772e+131
-1.05573e+133;6.38874e+132;3.97931e+132
-8.78148e+133;1.43645e+133;6.81749e+132
-6.51449e+133;2.40857e+133;4.33566e+132
-1.17401e+134;-8.87997e+132;1.30164e+132
-7.00809e+133;-2.36914e+133;5.56538e+132
-1.74262e+134;2.7455e+133;-4.78785e+132
-1.04575e+134;-1.05901e+134;1.30919e+133
-5.66025e+133;-2.39813e+133;3.01439e+133
-3.30327e+134;-7.57769e+133;-2.56622e+132
-3.72949e+134;9.94819e+133;-6.15608e+133
1.51e+133;1.48716e+134;-4.13987e+133
2.29439e+135;2.84859e+134;-1.04345e+134
1.32961e+135;7.79451e+134;-2.03385e+133
3.09707e+135;1.15645e+135;5.5775e+133
6.55223e+135;1.36245e+135;-3.56384e+134
1.33726e+136;3.40713e+134;-4.72655e+134
1.92804e+136;-7.34676e+134;-7.61635e+134
1.93712e+136;1.3244e+135;-6.85299e+134
3.89062e+136;5.469e+135;-2.53176e+134
4.07621e+136;3.75408e+135;-2.15808e+134
2.92216e+136;6.6315e+135;1.94247e+135
5.45359e+136;2.09342e+136;-1.79866e+135
5.44998e+136;2.62088e+136;-1.4098e+135
1.12987e+137;5.33235e+135;-1.33895e+135
1.75214e+137;2.33887e+136;-2.79905e+135
1.83612e+137;4.23288e+136;1.35755e+136
3.39084e+137;-2.46246e+135;1.39123e+136
6.01329e+137;-1.07642e+137;2.40016e+136
1.88163e+137;-2.75103e+137;2.03628e+136
5.34582e+137;-5.44792e+137;-4.53443e+136
2.12262e+137;-4.98681e+137;-1.63044e+136
1.13118e+138;-4.60446e+137;8.50757e+134
9.00495e+137;-1.43194e+137;-6.51185e+136
1.48187e+138;-2.46562e+137;-2.48518e+137
-8.00812e+137;-9.95749e+137;-4.01832e+137
-2.17825e+138;-1.09318e+138;-4.86749e+136
-1.04837e+138;2.82485e+137;-2.99468e+137
3.91241e+138;3.77e+137;-9.0506e+137
7.18648e+138;2.49382e+138;-1.61985e+138
3.59004e+139;1.45588e+138;-4.75288e+137
2.82017e+139;6.48847e+138;-1.8902e+138
2.73744e+139;-4.11355e+138;-1.00541e+138
5.05273e+139;-4.54783e+138;-2.76637e+138
2.43756e+139;-1.398e+138;-3.02978e+138
4.3455e+139;8.13759e+138;-5.31877e+138
1.00388e+140;4.42256e+139;-1.54974e+139
4.65716e+139;3.63384e+139;-1.4464e+139
1.60458e+140;2.68238e+139;-4.59246e+139
-3.01502e+139;1.23689e+140;-4.126e+139
2.70808e+140;2.19173e+140;-2.30718e+139
1.75836e+140;3.30528e+140;-2.35687e+139
1.39302e+140;1.80241e+140;-1.2193e+140
-1.01888e+141;6.36727e+140;-6.54809e+139
-1.4255e+141;1.08889e+141;-1.49976e+140
-1.56485e+141;9.96477e+140;1.10106e+140
5.79489e+139;2.57127e+140;4.47299e+139
-2.41401e+141;4.35152e+140;1.92343e+140
-1.32666e+141;1.51819e+141;1.79587e+140
-9.74898e+141;-6.71722e+140;1.47193e+141
-1.45668e+142;-2.49284e+141;1.29642e+141
-1.14954e+142;-4.58483e+141;8.17841e+140
-1.00013e+142;-1.54743e+142;1.21865e+141
-1.13343e+142;-2.84727e+142;4.04762e+141
-8.78691e+141;-3.78603e+142;4.42097e+141
-2.01157e+141;-3.83714e+142;1.3697e+141
1.62933e+143;-3.73193e+142;-1.37122e+141
-7.15321e+142;-3.6658e+142;3.20154e+141
-3.02993e+143;4.86464e+141;1.09901e+142
-4.03051e+143;-1.03916e+143;2.19071e+142
-1.68142e+143;-1.92744e+143;3.22251e+142
-1.96773e+143;-2.23578e+142;9.21742e+142
-5.59559e+143;1.69064e+143;7.82458e+142
-9.33473e+142;2.73028e+143;1.58458e+143
1.2722e+144;-2.99251e+143;2.47645e+142
5.69953e+143;-4.09527e+143;1.03112e+143
4.69023e+143;1.50727e+144;-7.28745e+142
-2.05926e+143;1.26222e+144;2.72721e+143
4.26737e+144;2.63223e+144;3.47227e+143
4.11683e+144;2.5816e+144;2.80507e+143
5.64295e+144;-3.32546e+144;-3.26528e+143
-1.32032e+145;-2.92297e+144;-1.11152e+141
-1.93155e+145;1.6383e+144;-6.20761e+142
-6.21649e+144;6.98515e+142;2.04645e+144
-1.07698e+145;-4.3353e+144;6.68754e+144
-5.28418e+145;-1.30539e+145;5.98405e+144
-6.41639e+145;-2.65359e+145;6.7209e+144
-4.03067e+145;-1.35956e+145;2.2685e+145
-2.53044e+145;-6.00724e+145;1.72568e+145
-2.08371e+146;-7.47948e+145;3.31282e+145
-3.26502e+146;3.13753e+145;-1.45795e+144
-4.67312e+146;-4.25843e+145;-2.45654e+145
-1.9334e+146;-1.14274e+146;-6.25173e+144
2.37522e+146;6.35297e+145;2.91415e+145
7.68451e+145;3.48422e+146;-1.72596e+146
1.16706e+147;4.8731e+146;-1.31333e+146
1.26477e+147;-1.24613e+146;-2.24172e+146
-2.16071e+146;-6.79513e+146;6.77314e+145
-1.2828e+147;1.81054e+146;5.19149e+146
1.81614e+147;2.47116e+147;4.63707e+146
-2.31147e+147;5.15087e+147;1.68591e+147
-1.99101e+147;8.58016e+147;1.85909e+147
4.80304e+145;1.27874e+148;9.66717e+146
7.26157e+147;1.46837e+148;3.47141e+146
-1.36289e+147;2.78833e+147;-9.46418e+146
2.47425e+148;7.15981e+147;2.55046e+147
8.0782e+148;-5.04411e+146;3.68114e+146
4.47332e+148;3.42031e+148;-5.23078e+147
8.21249e+148;4.82571e+148;-4.52225e+147
1.69986e+149;4.65321e+148;2.3101e+147
2.18492e+149;6.68579e+148;-2.61589e+147
1.07226e+149;1.22043e+149;-1.1887e+147
2.61594e+149;4.14358e+149;9.79998e+147
6.67508e+149;5.57879e+149;-5.2285e+148
7.32622e+149;4.10434e+149;2.14401e+148
1.23805e+150;6.96126e+149;-1.17038e+148
5.91342e+149;4.7016e+149;-3.67657e+148
-4.01134e+149;2.21161e+150;-2.35611e+149
-6.06912e+150;2.44667e+150;-2.33859e+149
-5.64141e+150;1.43808e+150;-1.5681e+149
-4.57975e+150;1.75987e+150;-3.65731e+149
-2.11768e+150;-1.84486e+150;-7.85485e+149
5.21735e+150;-1.38282e+150;-5.19705e+149
1.36634e+151;-5.99195e+149;-6.00021e+149
2.80095e+151;-1.46662e+149;-8.57845e+149
3.02252e+151;-3.05691e+150;2.54215e+149
3.5106e+151;4.50572e+150;1.7284e+150
1.50614e+151;2.78175e+151;7.11049e+150
8.06134e+151;6.46611e+151;5.95957e+150
1.92729e+152;4.49736e+151;-4.17424e+150
3.46325e+152;5.58061e+151;1.32604e+151
2.47937e+152;5.41315e+151;7.3534e+150
-1.11956e+152;7.83006e+151;-9.16092e+150
-1.5136e+152;3.5578e+151;2.42012e+151
3.20169e+152;2.24237e+152;-5.77111e+151
6.87267e+151;1.92596e+152;1.97339e+151
-8.46556e+152;5.0572e+152;-8.25156e+150
-7.99534e+152;2.70454e+152;6.17523e+151
-1.19614e+153;-4.78441e+151;7.11299e+151
-4.16385e+153;1.28437e+151;-2.15317e+152
-3.31089e+153;1.25266e+153;-4.93354e+152
-1.65567e+153;2.83396e+153;-6.75046e+152
2.4378e+152;1.08546e+153;-8.44085e+152
4.19451e+153;1.0788e+154;-8.49079e+152
-1.55053e+154;1.03446e+154;-4.49877e+152
-3.85704e+154;8.65647e+153;-5.59086e+152
-7.47802e+154;1.06779e+154;-4.52983e+153
-7.26029e+154;1.49966e+153;-2.85789e+153
-1.20837e+155;-2.4335e+154;3.23985e+153
-2.01901e+155;1.85189e+154;2.37388e+153
-1.55974e+155;1.13515e+154;8.47144e+153
-2.69343e+155;8.63574e+154;-1.34458e+153
8.1994e+154;1.58353e+155;-5.7513e+153
-2.7596e+154;1.05004e+155;-1.78272e+154
1.99281e+155;6.09756e+154;5.5455e+153
1.26949e+155;3.03696e+155;-4.13947e+154
9.69167e+155;4.25463e+155;-1.35378e+155
1.90095e+156;6.54288e+155;-1.5796e+155
2.61559e+156;3.24661e+155;-1.16465e+155
4.31837e+156;6.65285e+155;1.05703e+155
2.40591e+155;1.60219e+156;4.92448e+155
6.04144e+156;1.10278e+156;3.18358e+155
5.85827e+156;1.94561e+156;1.38377e+156
2.18228e+156;-1.75054e+156;2.8271e+156
-5.20285e+156;-1.60143e+156;2.96055e+156
-2.36775e+156;-8.65848e+156;3.87368e+156
1.8929e+157;-1.14007e+157;4.59499e+156
-4.50771e+157;-3.1455e+156;2.57984e+156
-6.64478e+157;-6.13312e+155;4.80641e+156
-4.41539e+157;1.9169e+157;8.01524e+156
-1.02975e+157;4.52841e+156;2.70321e+156
4.55718e+157;1.74793e+157;-1.02191e+157
-1.44139e+158;4.34416e+157;-1.70975e+156
-3.61975e+158;6.4883e+157;-5.26391e+156
-3.17094e+158;1.16873e+158;-5.44497e+157
-1.66398e+158;3.24205e+158;-7.64679e+157
1.6836e+158;2.95965e+158;-5.44549e+157
-1.34446e+158;5.30587e+158;5.35342e+155
-7.6754e+158;2.88334e+157;-1.75143e+157
-1.90223e+159;1.25538e+158;-1.13133e+158
-1.98527e+159;-6.2186e+158;2.00797e+158
-8.81886e+159;2.192e+157;1.75612e+158
-1.02723e+160;9.4326e+158;3.16701e+158
-8.30547e+159;-1.90025e+159;3.0083e+158
2.23791e+159;-3.9044e+159;2.66995e+157
-2.16259e+159;-1.3372e+160;-1.79414e+158
1.40127e+159;-1.07192e+160;-6.40786e+158
3.21789e+160;2.67468e+159;-2.30932e+159
1.74095e+160;-1.71714e+160;-2.54874e+159
3.22817e+160;-1.15524e+160;-2.66897e+159
6.21078e+160;-5.05701e+160;2.7293e+158
1.72399e+161;-2.27524e+160;2.89134e+159
2.10119e+161;1.09695e+160;1.40566e+160
5.45962e+160;-6.96892e+160;-6.38867e+159
-2.69927e+160;-1.23768e+161;1.04392e+160
-5.61574e+160;-2.28082e+161;2.49199e+160
-1.34093e+160;-2.40381e+161;-9.8592e+159
8.94843e+160;-3.20982e+161;-8.0386e+160
6.12926e+161;-5.05588e+161;2.79027e+160
1.65563e+162;1.07617e+161;3.72048e+160
-4.91849e+160;6.22695e+159;-1.71258e+160
-9.35118e+161;-8.95069e+160;1.24536e+161
7.15296e+161;-9.88133e+161;-1.94935e+161
-4.8087e+162;-1.30325e+162;1.96617e+161
-4.18403e+162;-3.04867e+162;-1.68349e+162
-1.25276e+163;-2.16969e+162;-2.12605e+162
-3.10436e+162;-6.05523e+162;-2.17393e+162
2.36076e+162;-2.08763e+162;-1.80883e+162
2.31522e+163;-1.60597e+163;-2.13013e+162
2.40922e+163;-6.61808e+162;-3.12049e+162
8.38919e+163;-1.18604e+163;2.60069e+162
1.27059e+164;-4.08031e+163;8.31595e+162
1.35355e+164;3.91069e+162;1.3149e+163
2.13562e+164;2.89492e+163;1.7757e+163
-1.28087e+164;7.49009e+163;8.72297e+162
4.67069e+163;8.30952e+163;1.70481e+163
2.48918e+163;1.56491e+164;7.98813e+163
2.99201e+164;1.85539e+164;7.13359e+163
3.83287e+164;8.14826e+163;9.45381e+163
1.51023e+165;-4.50448e+164;1.08283e+164
2.01785e+164;-5.13811e+164;3.00234e+164
-1.31412e+165;-1.27863e+165;3.81747e+163
-2.0717e+165;-7.83243e+164;-3.23286e+164
1.19613e+165;-1.16337e+165;-1.28668e+164
2.90062e+165;-1.53783e+164;1.44407e+164
-4.80114e+164;1.07215e+165;-2.4559e+164
-1.50853e+165;-1.75922e+165;-2.62502e+164
4.61154e+165;1.19102e+165;-1.10888e+165
4.83455e+165;2.93656e+165;-2.64723e+165
2.57887e+166;7.38814e+165;7.34062e+163
1.84427e+166;1.59233e+166;2.78262e+165
9.03141e+166;4.42394e+166;1.16818e+166
1.83183e+167;3.63276e+166;1.72185e+166
2.49355e+167;4.1292e+166;1.31245e+166
3.24443e+167;1.27513e+167;1.85052e+166
2.87012e+167;1.05402e+167;1.41837e+166
1.16664e+167;9.87118e+166;7.82564e+166
1.7828e+167;1.65727e+167;8.47693e+166
7.55339e+167;1.80352e+167;1.10119e+167
1.67466e+168;5.31555e+167;6.32245e+166
1.75487e+168;5.79987e+167;1.05074e+167
3.64568e+168;1.41279e+168;1.62673e+167
3.21774e+168;1.64783e+168;2.67671e+167
-1.01108e+168;1.51224e+168;1.8192e+167
4.11844e+168;5.32448e+167;2.60535e+167
-3.36074e+168;1.81612e+168;7.22701e+167
-2.68461e+168;-7.54297e+166;1.19747e+168
6.73308e+168;-2.62534e+168;2.69577e+167
9.95142e+168;-1.07477e+168;1.94611e+168
1.77251e+169;3.41861e+168;1.40623e+168
-4.0745e+169;6.20719e+168;2.75198e+168
-9.25121e+168;5.75215e+168;1.2125e+166
-3.13062e+169;2.12293e+169;4.39228e+168
1.31165e+169;2.31585e+168;-1.63663e+167
1.14806e+170;6.27872e+169;4.81088e+168
2.31544e+170;7.34935e+168;3.06609e+169
2.52682e+170;-5.39131e+169;3.57672e+169
1.94535e+170;-5.26826e+168;4.77729e+169
1.6767e+170;3.16859e+170;7.49911e+169
4.86631e+170;3.45043e+170;6.39985e+169
1.34033e+171;2.11203e+170;1.51723e+170
1.90521e+171;7.29452e+169;2.1344e+170
3.20718e+171;-4.55665e+170;5.73772e+169
5.3785e+171;-9.8398e+170;2.24719e+169
8.80114e+171;-2.27226e+171;4.15039e+168
6.56146e+171;-5.04006e+171;4.97774e+169
6.75733e+171;-5.62054e+171;-4.18151e+170
1.63726e+172;-7.41991e+171;5.99166e+170
2.07442e+172;-6.55508e+171;2.98821e+171
5.00326e+171;-3.91444e+171;2.89049e+171
1.6643e+171;1.00278e+171;2.7913e+171
1.22311e+172;6.0632e+171;2.18998e+170
6.8362e+172;5.65151e+171;3.70884e+171
1.03895e+173;1.09114e+171;4.71294e+171
1.47799e+173;5.92323e+172;2.31347e+172
1.25742e+173;3.57754e+172;1.1018e+172
3.521e+173;2.24373e+172;2.73213e+171
7.87831e+173;9.84486e+172;8.64156e+170
1.03268e+174;1.41868e+173;7.3849e+171
8.39926e+173;-7.10485e+172;8.0219e+172
7.88913e+173;-1.75338e+173;3.96536e+172
4.44997e+173;8.73919e+172;6.91195e+171
-4.76279e+173;-3.17095e+173;4.07199e+172
-2.16088e+174;-5.30299e+173;1.54299e+173
-3.98467e+174;-3.24196e+173;2.0748e+173
4.05615e+173;9.67175e+173;-8.70502e+172
4.06696e+174;1.58877e+174;3.28293e+173
5.79266e+174;4.36873e+173;1.68298e+173
1.11388e+175;-9.06807e+174;-3.04103e+173
4.51963e+173;-1.24143e+175;-1.44058e+174
-5.00895e+174;-2.56165e+174;1.20241e+174
1.91718e+175;-1.60561e+175;1.5738e+174
4.12145e+175;-2.08808e+175;1.93876e+174
1.0332e+176;-1.07581e+174;-2.76153e+174
4.89585e+175;1.00191e+175;-7.12859e+174
8.38547e+175;-1.39421e+175;-1.75058e+174
1.75678e+176;1.89532e+175;1.05099e+175
1.82012e+176;6.73443e+175;-1.45272e+174
2.21986e+176;6.27657e+175;-3.18102e+175
6.3047e+176;6.17156e+175;-4.00334e+175
4.23155e+176;-1.05161e+176;2.72996e+175
6.61836e+176;5.62091e+175;-6.06882e+175
-3.53488e+176;2.02446e+176;-1.66568e+176
2.15693e+177;3.72373e+176;-1.68731e+176
-1.48894e+177;-5.22994e+176;-2.39592e+176
-2.75052e+177;-7.37504e+176;-3.06466e+176
-3.55374e+177;-7.09343e+176;-2.02133e+176
-1.39864e+176;-1.17921e+177;-5.06597e+176
-9.70516e+177;-1.04207e+177;-9.36823e+176
2.4036e+177;-3.48553e+177;6.27716e+176
3.41738e+177;4.50009e+177;5.95032e+176
2.0894e+178;-6.68293e+176;-1.29435e+177
-1.92459e+177;-1.45218e+178;-3.27192e+177
8.02104e+177;-4.98019e+177;-4.21609e+177
-7.74517e+177;5.6876e+176;8.45214e+176
-6.6883e+178;5.18348e+178;9.83454e+177
5.33906e+178;7.47861e+178;6.75329e+177
-4.14771e+178;1.78676e+179;-7.45054e+177
4.04913e+178;1.36576e+179;-1.6309e+177
2.32743e+179;6.78971e+178;1.69447e+178
1.87137e+179;-2.33014e+179;-1.24876e+177
8.47512e+179;-3.23161e+179;5.69917e+178
7.57604e+179;-3.28315e+178;1.08916e+179
1.35562e+179;1.20271e+179;1.29458e+179
3.86902e+179;-3.35588e+179;3.10021e+179
3.07851e+180;-8.58202e+179;2.81561e+179
1.9767e+180;1.21655e+180;3.4847e+179
3.89179e+180;-7.60044e+179;5.5348e+179
3.45008e+180;-9.51759e+178;1.08252e+180
-2.87912e+180;-7.78709e+179;1.24567e+179
-2.01745e+180;1.94337e+180;-2.62806e+179
2.22295e+180;1.64369e+180;1.56722e+180
4.48012e+180;3.2643e+180;1.9868e+179
2.77547e+181;2.09067e+181;5.2443e+180
7.6815e+181;1.47268e+181;2.29966e+180
1.3576e+182;-6.18499e+180;9.65772e+180
4.18985e+181;6.73256e+179;3.00939e+180
2.14341e+181;2.55143e+181;2.20692e+180
3.46432e+181;-5.57171e+181;-9.74546e+180
-2.68615e+181;-1.87413e+182;-4.18779e+181
-1.16085e+182;-2.87109e+182;-3.13392e+181
3.59666e+182;-2.85347e+182;1.65113e+180
5.89865e+182;-8.40682e+182;2.00402e+180
3.539e+182;-4.9531e+182;7.20111e+181
-1.65588e+183;7.6943e+181;-8.05225e+181
-1.09478e+183;-5.34841e+182;4.24227e+181
-2.74591e+183;5.42547e+181;-1.61737e+182
-3.52206e+183;3.67552e+182;-5.1446e+181
-2.74762e+183;-5.15734e+181;-3.26538e+180
1.39292e+183;1.0732e+181;2.35074e+182
-2.06444e+183;-3.40768e+182;5.66765e+182
1.39876e+184;4.35864e+183;1.92398e+183
1.18304e+184;1.34686e+184;2.46879e+183
-7.7194e+183;-1.00642e+184;3.45665e+183
3.62105e+184;-3.45283e+184;3.88265e+183
9.08616e+184;-2.16163e+184;1.83491e+183
3.69809e+184;-1.07903e+184;-6.0268e+183
-3.13355e+183;-4.75314e+184;-1.52402e+184
-2.44706e+183;-5.80404e+184;-1.43575e+184
1.40339e+185;-1.62407e+184;-3.19038e+184
-2.27749e+185;-6.63937e+184;-4.56524e+184
-8.19121e+184;-7.09699e+184;-8.28311e+184
9.13302e+184;1.65211e+184;-8.27358e+184
5.95724e+185;1.70195e+185;-7.98925e+184
9.89332e+185;-1.97935e+185;-7.36319e+184
2.97454e+186;-1.21627e+185;1.75931e+185
1.30177e+186;2.29206e+185;5.58064e+185
3.1182e+185;-3.98013e+185;1.13471e+186
3.14665e+184;-2.36149e+186;1.55571e+186
3.13859e+185;-3.4538e+186;1.74692e+186
-8.93954e+186;-2.74389e+186;1.83629e+186
-2.40703e+187;-9.36726e+186;2.03286e+186
-1.34645e+187;-9.70221e+186;2.56072e+186
-6.6269e+186;-5.74124e+186;3.09059e+186
-1.5206e+187;-2.26773e+187;4.4367e+186
-3.24004e+187;-1.19923e+187;4.98751e+186
4.81793e+187;-3.53603e+187;5.91616e+186
2.6547e+187;-3.39278e+187;-4.14292e+186
-4.2983e+187;-5.04079e+187;-3.17473e+186
6.64001e+187;-8.72928e+187;1.75812e+187
-6.37064e+187;-1.50147e+187;1.05015e+187
-9.42769e+187;1.29248e+188;-4.80463e+187
3.38995e+188;3.69103e+188;-8.17154e+187
1.5092e+188;2.22436e+188;-5.39689e+187
-1.0635e+189;2.0512e+188;2.07351e+187
-7.95173e+188;3.65037e+187;-1.33737e+187
-1.49582e+189;9.56011e+186;-2.1254e+186
9.00771e+188;-9.65858e+187;2.10681e+187
3.96977e+189;2.82822e+188;4.49706e+187
-5.67029e+189;2.71241e+189;-1.51938e+188
-9.08417e+189;1.70019e+189;-1.89699e+188
1.79264e+189;3.75265e+189;-5.99512e+188
6.5899e+189;3.50473e+189;-1.92262e+189
4.08635e+189;-2.2779e+189;-2.40463e+189
-8.71925e+188;-3.18484e+189;-4.23414e+189
-9.34266e+189;1.03552e+190;-2.16061e+189
2.75631e+190;-5.06961e+189;-1.59237e+189
8.9775e+190;-1.45561e+190;-9.16505e+189
9.11607e+190;-3.78695e+190;-1.42049e+190
8.32298e+190;-1.32736e+190;-9.43805e+189
7.50861e+190;-1.38114e+190;-9.22915e+188
1.31775e+191;-1.297e+191;1.69924e+190
1.41855e+191;-3.13599e+191;4.89046e+190
2.35085e+190;-3.50277e+191;-6.33856e+190
-3.76587e+191;-8.03819e+190;-8.01888e+190
-6.55385e+191;3.84037e+190;1.6822e+190
8.16152e+191;-6.8679e+191;2.72127e+191
4.09814e+192;-2.05724e+191;1.95243e+191
3.19605e+192;-1.51515e+191;4.61243e+191
5.38045e+192;-1.20753e+192;5.60298e+191
8.15206e+192;-3.22952e+192;3.53228e+191
7.41809e+192;-2.45037e+192;6.28009e+190
-4.75167e+192;-7.27975e+191;5.00824e+191
-4.32858e+192;-3.30712e+192;1.52287e+192
-8.64654e+192;3.94101e+192;2.40924e+192
-3.65041e+193;5.16297e+192;3.36446e+192
-7.52619e+193;7.09923e+192;3.34861e+192
-2.6234e+193;-3.96932e+192;3.89319e+192
-4.79858e+193;3.01806e+190;-2.1982e+192
-8.48601e+193;-2.01989e+193;-8.9744e+192
-1.60577e+194;5.9624e+193;-2.52785e+193
-2.00512e+194;3.75068e+193;-2.69522e+193
-1.55065e+194;-2.93931e+193;-2.00739e+193
-4.02623e+193;-1.36318e+193;-5.1035e+192
-2.53878e+194;-1.35809e+193;-3.31578e+193
-1.21478e+195;1.75426e+194;-7.41263e+193
-2.55575e+194;2.1541e+194;-1.16441e+194
3.76807e+194;-1.17267e+194;-1.95114e+194
4.43351e+194;-6.98606e+193;-1.39581e+194
2.1896e+195;7.28214e+194;-3.82179e+194
6.23364e+195;9.65705e+194;-2.99167e+193
1.23708e+196;2.42969e+194;-1.90369e+194
1.57413e+196;3.19483e+195;-1.08968e+194
2.67669e+196;3.05907e+195;-5.06991e+194
3.51187e+196;-5.61571e+195;2.14413e+195
2.99059e+196;3.61351e+195;3.62721e+195
1.22841e+195;7.59619e+195;5.38506e+195
5.66448e+196;6.7257e+195;8.00462e+195
5.44748e+196;-2.32566e+196;9.32002e+195
5.15847e+196;-3.41454e+196;1.96371e+196
8.94812e+196;-1.8133e+196;2.23276e+196
1.11638e+197;-7.15716e+195;2.76614e+196
3.73075e+197;1.10142e+196;-5.53605e+194
-2.68948e+197;1.42079e+197;-1.64189e+196
-1.46256e+197;1.02988e+197;4.91602e+196
8.36623e+195;4.01e+197;-1.30591e+196
-2.10502e+197;9.76229e+197;-1.21362e+196
-1.58513e+198;1.18302e+198;2.50767e+196
-1.51244e+198;1.03359e+198;6.16777e+196
1.93376e+198;8.59722e+197;1.11874e+197
2.66754e+198;2.40204e+197;-1.13714e+197
5.27497e+198;1.08935e+198;2.24512e+197
-1.2482e+198;1.71688e+198;8.05981e+197
-4.86414e+198;-2.02166e+198;7.50755e+197
-7.26932e+198;-3.05282e+198;1.98595e+197
-4.79019e+198;1.54541e+198;-3.35292e+197
-2.95239e+199;-3.57226e+198;-2.19074e+198
-3.73613e+199;-1.85262e+198;-3.82586e+198
-7.6674e+198;-9.84314e+198;-3.90445e+198
-3.71942e+199;-3.46136e+199;9.35584e+198
-1.12865e+200;-7.07403e+198;2.29821e+198
-4.46147e+199;3.89535e+199;2.63762e+198
-1.41257e+200;-7.33845e+199;1.71446e+198
-2.37567e+200;-2.62343e+200;1.41121e+199
-2.1743e+200;-2.93589e+200;1.61869e+199
9.85801e+199;-4.75865e+200;2.47994e+198
3.27569e+200;-4.99655e+200;1.08133e+200
-4.96883e+200;-3.77805e+200;9.27606e+198
-1.74631e+201;-7.75803e+199;9.10724e+199
-2.66361e+201;-8.9812e+200;1.5169e+200
-2.86402e+201;-6.0067e+200;3.39359e+200
-4.56582e+201;-9.38219e+200;4.32456e+200
-7.67767e+201;-2.19172e+201;2.77886e+199
-1.38601e+202;-1.13584e+201;-6.59677e+200
-1.56015e+202;-1.83003e+201;1.50123e+200
-1.84429e+201;-8.76308e+200;1.62048e+200
-5.33581e+201;-2.11293e+201;1.40618e+201
-2.50905e+202;-1.10798e+202;2.23907e+201
-4.65702e+202;-9.44335e+201;3.34772e+201
-2.69352e+202;3.03101e+200;1.20087e+201
-6.36827e+202;1.02225e+202;-2.84412e+200
-1.4988e+202;-2.00533e+202;-6.15686e+201
1.32819e+203;-5.04044e+202;9.90989e+200
1.06335e+203;-7.2516e+202;7.79896e+201
4.26897e+203;-4.07816e+202;1.18198e+202
8.188e+202;-2.45732e+202;-4.90611e+201
-2.51488e+203;5.94222e+202;1.12014e+203
6.55781e+202;3.41432e+203;3.3112e+202
-2.70441e+203;1.08989e+204;1.58015e+201
-8.86843e+203;1.35617e+204;-3.04359e+202
2.10373e+204;1.08233e+204;-3.65912e+203
2.66141e+204;7.6879e+203;-2.75617e+203
1.15433e+204;-3.21596e+203;-2.24307e+203
4.08231e+204;-1.39926e+204;-7.79364e+202
-7.26893e+204;-1.21456e+204;6.32426e+203
-1.17009e+205;-3.89252e+203;1.97657e+204
4.50933e+202;5.91909e+204;1.42254e+204
1.69707e+204;1.67673e+205;3.85689e+204
-3.71965e+205;2.10885e+205;8.44814e+204
-8.96955e+205;2.60321e+205;4.41405e+204
-1.77101e+206;4.82209e+205;5.36953e+204
-1.00901e+206;7.91904e+205;7.85456e+204
-2.01186e+206;6.94875e+205;2.52446e+204
-1.73614e+206;9.75694e+205;-7.57602e+204
-9.83996e+205;2.83204e+205;1.53948e+205
-1.11239e+206;-9.74623e+205;1.48202e+205
-3.50851e+206;-3.77246e+206;3.28844e+205
-4.83785e+206;-3.89262e+206;6.39335e+205
3.40728e+206;-3.16935e+206;2.03398e+205
6.34419e+206;-7.58512e+205;1.07973e+206
-1.44345e+206;-1.11408e+207;1.8131e+206
-3.3449e+207;-6.51653e+206;8.77406e+205
-1.13576e+207;-5.26344e+206;-1.81575e+206
-4.91803e+207;-4.29721e+206;5.83623e+205
-7.97763e+207;-1.25661e+207;9.96654e+206
-9.58665e+207;3.17302e+207;1.03314e+207
-4.11536e+207;5.34645e+207;1.98592e+207
-2.52874e+207;-3.2824e+207;2.01119e+207
-1.75874e+208;-2.3765e+207;1.53443e+207
-3.90658e+208;-9.81004e+207;4.58136e+207
-1.63736e+208;-1.199e+208;3.14231e+207
-2.95672e+208;-7.71596e+207;1.80086e+207
-1.37209e+209;1.90193e+208;-9.97143e+207
-2.21768e+209;3.59519e+208;-2.08586e+208
-5.28287e+209;-4.57932e+208;-3.40378e+208
-5.89945e+209;-1.14568e+209;-3.72699e+208
-5.00735e+209;-1.40187e+208;-7.11189e+208
-7.30619e+209;-8.6278e+208;-1.00651e+209
-6.77279e+209;-1.09102e+209;-7.99691e+208
-4.09573e+209;-5.2989e+208;-9.01056e+208
-4.65609e+209;-2.10985e+209;-5.00963e+208
-7.2214e+209;1.17809e+209;-2.2692e+209
1.73647e+209;6.48134e+209;-3.03068e+209
-1.64791e+210;9.17371e+209;-2.94938e+208
1.20864e+209;-4.86286e+208;1.31496e+209
9.3896e+210;3.26997e+210;-2.14148e+208
1.82657e+211;2.6081e+210;6.99284e+209
5.01921e+210;-4.53389e+209;2.02086e+209
7.77144e+210;-1.65312e+210;-8.0036e+207
8.25687e+210;1.03502e+210;2.40272e+209
3.54484e+211;1.20392e+211;2.18504e+209
7.9544e+210;1.53033e+211;-6.21533e+210
-3.87514e+210;-1.62338e+211;-9.89444e+210
-8.27865e+211;3.56808e+210;-1.22292e+209
-1.12421e+212;-4.90883e+210;2.86439e+210
-8.72449e+211;5.11704e+211;-3.31366e+210
-1.16659e+212;1.13381e+212;-5.67557e+210
-1.06278e+212;-1.17278e+212;1.02222e+211
1.28327e+211;-2.90997e+212;4.62902e+211
3.30498e+211;-3.07483e+212;8.28534e+211
8.57122e+212;-2.29132e+212;5.14109e+211
-9.6315e+212;-9.86963e+211;-3.44098e+211
-2.23896e+213;-4.72981e+212;-3.27272e+212
-4.16286e+213;-9.72309e+212;-2.30215e+212
-5.27516e+213;9.13368e+212;-4.55426e+212
-4.704e+213;-1.43326e+213;-7.96177e+212
-3.58256e+213;6.87278e+212;-1.56205e+213
1.51495e+213;3.54241e+213;-1.2721e+213
1.15044e+214;6.79496e+213;-2.9994e+213
-2.24203e+213;9.31989e+212;-2.44191e+213
9.88896e+213;-1.37432e+214;1.73011e+213
-1.74556e+214;-4.25151e+214;3.69766e+213
-4.72903e+211;-3.59972e+214;1.63738e+213
1.14378e+215;-4.80668e+214;3.11861e+213
1.69501e+215;-7.13306e+214;4.39312e+213
1.22446e+215;-7.63946e+214;-7.7787e+213
2.95318e+214;-1.03524e+215;-6.0014e+213
3.19726e+214;-1.33641e+214;-2.40483e+214
-8.73023e+214;-7.87134e+214;-1.42969e+214
-5.00058e+215;-1.85359e+214;-2.93835e+214
-5.18447e+215;1.39017e+215;2.7762e+214
-5.79542e+215;6.39989e+214;9.9708e+214
-4.7163e+215;-4.11701e+215;8.27677e+214
-1.04072e+216;-9.36533e+215;4.06948e+215
-4.99002e+215;-1.89716e+216;2.43634e+215
-5.40625e+216;-8.29497e+215;7.12249e+214
-5.5648e+216;6.47935e+215;-2.43047e+214
1.65634e+216;-2.48569e+216;-7.44689e+215
-1.1253e+217;-5.55148e+216;-5.57272e+215
-4.21741e+216;-9.85627e+216;-7.54759e+215
-2.62706e+217;-4.31687e+216;-4.30674e+216
-2.41634e+217;5.20306e+216;-5.49283e+216
1.69387e+217;-1.05846e+217;-4.29e+216
-1.46727e+217;-1.7501e+217;-4.2679e+216
3.4807e+217;-9.42223e+216;-4.11538e+216
2.96085e+217;7.92811e+215;-8.84594e+216
1.71443e+218;-2.92112e+217;-8.97096e+216
3.69613e+218;-1.21833e+218;-5.08361e+216
6.07531e+218;-1.99294e+218;-1.21048e+217
4.58232e+218;-1.88178e+218;-4.94094e+216
9.95306e+218;-4.65294e+217;5.41747e+217
1.97756e+219;3.05489e+218;5.56382e+217
3.21353e+219;-5.35577e+217;1.13889e+218
2.60076e+219;1.11039e+218;2.24771e+218
8.12891e+218;-4.18895e+218;3.51408e+218
8.94287e+218;2.27544e+219;3.13881e+218
3.2668e+219;1.30953e+219;6.00534e+218
7.10777e+219;1.51253e+219;4.55676e+218
1.09571e+220;1.806e+219;-1.56514e+218
1.91789e+220;6.15667e+218;-3.00286e+218
-7.46108e+219;6.11886e+219;5.41749e+218
-1.48767e+219;1.45879e+220;-1.09786e+219
-2.19684e+220;9.66725e+219;-2.10384e+219
-2.94477e+219;-2.44044e+219;-7.89154e+219
-3.31415e+220;-6.26465e+219;-1.01804e+219
-2.2058e+220;3.79554e+219;2.47744e+219
-2.2233e+220;-4.19577e+220;2.2627e+219
-4.56338e+220;-1.45944e+221;1.07671e+220
2.05466e+221;-1.66245e+221;-7.91511e+219
1.37559e+221;-2.38047e+221;-2.47898e+219
4.34253e+221;-2.73173e+221;-5.84885e+220
3.57509e+221;-4.38532e+221;-5.63224e+220
8.40737e+221;-4.06733e+221;-3.70495e+220
2.21717e+222;-4.09239e+221;4.84038e+220
7.60101e+221;-6.0005e+221;8.11968e+219
-3.53427e+222;1.31679e+220;-3.17939e+220
-7.16292e+222;4.91851e+221;-2.84951e+221
-9.75785e+222;1.01805e+222;3.91111e+221
-1.59192e+223;3.61969e+221;3.12543e+220
-9.02682e+222;-1.48333e+221;-8.14489e+221
-8.78298e+222;1.9954e+222;-2.22423e+222
-1.80814e+223;5.46449e+221;-3.0562e+222
-1.05044e+223;3.26977e+222;-3.99714e+222
-6.91088e+223;1.55317e+223;-6.6509e+222
-5.09642e+223;3.48817e+223;-1.24455e+223
9.00094e+221;3.01184e+223;-1.48031e+223
7.32899e+223;3.28735e+223;-5.07448e+222
1.42422e+224;3.02041e+223;-4.82672e+222
2.1094e+224;1.33031e+223;9.18596e+222
2.50587e+224;-2.00462e+223;-7.00458e+222
3.23199e+224;-6.47267e+223;3.58532e+223
7.58706e+224;1.38144e+224;3.44849e+223
3.56205e+224;-4.18107e+223;1.21097e+224
9.18887e+223;-9.03839e+223;1.34215e+224
5.42268e+224;1.56694e+224;3.57353e+223
5.75554e+224;-2.06979e+222;-1.11344e+224
4.91638e+225;2.1534e+224;-1.55824e+224
9.17041e+225;2.91684e+224;-4.59122e+223
9.47708e+225;8.31171e+224;-3.49075e+224
7.35055e+225;1.71753e+225;-1.05829e+224
-3.00683e+225;7.30642e+225;1.0759e+224
9.65503e+225;1.46933e+226;-1.23567e+225
2.39218e+226;1.39162e+226;-1.20551e+225
4.61849e+225;1.48767e+226;3.75984e+224
-7.67763e+225;3.98649e+226;-1.98224e+224
-2.29562e+226;2.11777e+226;7.78176e+225
-1.93377e+226;4.35546e+226;3.95279e+225
6.40284e+226;5.67859e+226;3.97933e+225
2.27021e+227;1.57171e+227;1.21611e+226
1.70906e+227;1.38165e+227;4.10647e+226
4.89833e+227;1.55995e+227;4.79707e+226
7.54604e+227;2.2286e+227;7.10983e+226
8.05212e+227;1.27001e+227;4.52784e+226
6.92935e+227;3.94901e+227;7.4415e+226
1.56812e+228;-7.37921e+226;9.04121e+226
1.9683e+228;-2.0844e+227;-3.63848e+226
1.78192e+228;9.05415e+226;6.89701e+226
2.72852e+228;2.58645e+227;3.05669e+227
5.52392e+228;-2.29008e+227;6.59508e+227
5.99649e+228;-3.94342e+228;1.34372e+228
-2.61238e+228;-4.23973e+228;1.73216e+228
-1.07487e+229;-2.18194e+228;5.4029e+226
-1.46979e+229;-1.29431e+228;1.74241e+226
-4.46144e+228;8.15316e+228;1.1394e+228
6.45986e+228;1.40334e+229;-4.70564e+228
5.81204e+229;-6.39802e+228;1.51616e+228
1.3766e+230;-5.88291e+228;2.41969e+228
1.87123e+230;-2.3965e+229;2.78659e+228
1.36295e+230;-1.45048e+229;1.53152e+229
8.993e+229;-4.23669e+229;2.55569e+229
6.33679e+229;-6.7571e+228;5.82846e+229
5.43762e+230;6.3731e+229;6.58605e+229
4.69909e+230;-2.20775e+230;-1.60595e+229
-2.82353e+230;2.65667e+230;-1.39846e+229
-8.08963e+230;2.43187e+229;5.01279e+229
-3.33979e+231;2.18478e+230;5.8158e+229
-3.50823e+231;-3.2628e+230;5.9295e+229
-2.97284e+231;9.22033e+229;1.7887e+230
-4.2648e+231;-8.4834e+229;5.67905e+229
-7.37084e+231;3.61236e+231;-4.76088e+230
-2.62979e+231;2.29367e+231;-5.54647e+230
5.1893e+231;2.20495e+231;-9.64115e+230
5.52351e+231;5.27373e+231;-3.08787e+230
1.41678e+231;8.15431e+231;-3.46361e+230
1.97667e+232;1.20703e+232;-4.01162e+230
-1.41334e+232;2.38345e+232;-2.42839e+231
-4.55067e+232;3.94024e+232;-6.80475e+231
1.68489e+232;1.89297e+232;-1.24519e+232
-6.90831e+231;4.3619e+231;-7.68159e+231
6.74104e+232;-1.36002e+232;8.85192e+230
1.7257e+233;1.66362e+232;4.16928e+231
1.7423e+233;-1.792e+232;2.21175e+232
-2.00952e+233;-1.17993e+233;1.94031e+232
1.32119e+233;-2.46745e+233;5.54953e+232
-1.17476e+234;7.45305e+232;1.04901e+233
-1.36923e+234;1.9374e+233;-1.50948e+232
-6.52815e+233;7.15041e+231;-1.15293e+233
-1.49177e+234;1.08185e+234;-2.29573e+232
-5.40018e+234;7.85559e+233;-4.35358e+232
-7.11111e+234;7.56726e+233;-1.13563e+233
-7.53176e+234;-2.71404e+234;-4.23407e+233
-9.96347e+234;-2.85181e+233;-1.27937e+234
-2.06032e+235;-1.47763e+233;-7.34718e+233
-1.18035e+235;-1.90497e+234;-1.3285e+233
-1.73115e+234;5.23246e+234;6.30279e+233
4.33843e+235;1.04622e+235;2.82678e+234
4.14677e+235;1.4259e+235;3.18226e+234
4.6385e+235;-3.40932e+234;6.29487e+234
1.32658e+234;-4.2673e+234;-2.7208e+234
1.29907e+235;-3.94775e+235;-1.29808e+235
-3.10263e+235;-4.80544e+235;-3.7131e+234
-4.02889e+235;-1.20694e+236;3.39976e+234
-2.61918e+236;-2.04444e+236;7.16858e+234
-1.68533e+235;-1.8232e+236;3.85263e+234
1.58526e+236;-1.11146e+236;-2.67293e+234
7.37724e+236;-3.46204e+236;5.95308e+235
7.10321e+236;-6.56427e+236;1.81576e+236
-2.24623e+236;-4.95375e+236;1.78135e+236
-6.4196e+236;5.1189e+236;1.35023e+236
-2.10592e+235;-4.81918e+236;1.11828e+236
2.157e+237;3.29791e+236;-3.09386e+236
7.53494e+237;6.90212e+235;-8.12526e+236
5.00024e+237;-8.58314e+236;-3.36613e+236
8.56967e+237;-1.04754e+238;-7.17993e+236
1.36644e+238;-1.33015e+238;-1.217e+237
2.24557e+237;-1.65111e+238;7.40453e+236
-1.92116e+238;-1.54659e+238;-1.44664e+237
-4.69747e+237;-2.23704e+238;-8.14431e+236
1.17815e+238;-2.74084e+238;-3.75155e+237
3.34097e+238;-2.87982e+238;-1.03371e+238
7.96055e+238;2.6914e+238;-1.08647e+238
1.68774e+239;-5.93453e+237;-9.79437e+237
2.99707e+237;-2.67537e+238;-2.71689e+237
-4.77828e+237;6.84024e+238;-4.50815e+237
1.59808e+239;1.68209e+239;-2.21062e+238
1.96436e+238;1.79293e+239;-4.85612e+238
-3.18047e+239;1.08992e+239;-1.32876e+239
-4.35661e+239;1.43834e+239;-2.32212e+239
-1.56359e+240;8.51898e+239;-3.44538e+239
-1.89157e+240;5.59539e+239;-2.71919e+239
-1.15107e+240;-2.36145e+239;-1.446e+239
2.07314e+240;1.17819e+240;9.79673e+238
6.44511e+240;-2.56751e+239;3.89074e+239
5.08404e+240;-1.94054e+240;-1.35559e+239
4.40918e+240;-4.35826e+240;1.39782e+239
-1.64907e+240;-8.69689e+240;2.46025e+239
1.51715e+240;-8.34418e+240;-2.33614e+240
6.32514e+240;6.0676e+240;-1.63086e+240
-2.41172e+241;1.80793e+241;-4.49886e+240
6.88246e+241;2.74096e+241;-2.07198e+240
6.76676e+241;-8.93914e+239;-1.11876e+240
-1.63846e+241;1.49636e+241;9.19824e+240
1.37528e+242;2.8596e+241;1.97118e+241
-1.41252e+242;7.08188e+241;1.72045e+241
-1.86717e+242;1.64363e+242;2.41813e+241
1.57758e+242;2.7977e+242;4.86549e+241
1.55098e+242;4.20965e+242;2.69585e+241
2.14187e+242;6.88695e+242;5.94609e+241
4.5124e+242;5.69692e+242;6.85131e+241
7.96795e+242;6.85255e+242;1.08236e+242
-2.33789e+243;2.49917e+242;1.84556e+242
-4.05323e+243;2.48117e+243;9.04383e+241
-8.01268e+243;1.56625e+243;2.44993e+242
-1.39018e+244;1.85226e+243;2.5988e+242
-4.688e+243;-1.03837e+243;1.38801e+243
-5.42008e+243;-1.81082e+243;2.1599e+243
-2.30917e+244;-1.01546e+244;1.12816e+243
-3.44125e+244;-9.97634e+243;3.41474e+243
-4.5501e+244;-9.36831e+243;5.88712e+243
-6.38088e+244;-1.16167e+244;4.03482e+243
-1.06762e+245;6.2926e+243;3.65629e+243
-1.75068e+245;1.20095e+244;-7.41378e+243
-1.32369e+245;-1.05959e+244;-1.28877e+244
-3.46411e+245;-7.73133e+244;-1.12686e+244
-4.60913e+245;-8.5045e+244;-3.11548e+242
7.44339e+244;-1.54419e+245;1.15964e+244
2.3897e+244;-1.46829e+245;2.78556e+244
1.79797e+245;-6.39359e+244;4.45172e+244
-1.49018e+246;-3.57438e+245;1.74054e+244
-1.09783e+246;-1.23171e+245;-1.03489e+245
-1.59004e+246;1.34107e+246;-2.05404e+245
-3.71936e+246;1.42521e+246;-8.6176e+244
-6.47478e+245;2.24998e+246;1.64664e+245
-2.71722e+246;7.37376e+245;-1.31551e+245
-7.64735e+246;-1.41228e+245;5.55914e+245
-1.23475e+247;-4.07967e+246;9.2826e+245
-1.21892e+246;-5.9493e+246;1.37351e+245
-5.84024e+246;-7.8358e+246;1.68363e+246
-6.31905e+247;-1.38458e+247;-7.00411e+245
-7.416e+247;-1.13817e+247;1.15134e+246
-1.04154e+248;-2.59858e+247;3.88802e+246
-1.94799e+248;-7.44624e+247;1.25714e+245
-1.44719e+248;-1.07528e+248;7.25927e+246
-1.92157e+248;-1.46339e+248;-7.49382e+246
-3.57284e+248;-1.77422e+248;1.11182e+247
-2.98904e+248;-2.1037e+248;2.15224e+247
-4.5032e+248;-3.77717e+248;4.61516e+247
-3.1724e+248;-2.67899e+248;9.92534e+247
-3.77144e+248;-4.28273e+248;6.94191e+247
-4.47516e+248;-4.6352e+248;1.3335e+248
-2.41348e+249;-5.72144e+247;2.30121e+248
-4.5114e+248;-1.23731e+249;3.23377e+248
-4.85181e+248;-2.57126e+249;3.58355e+248
1.93706e+248;-1.98787e+249;-5.81098e+247
6.06896e+249;-1.50859e+249;7.34524e+247
1.18277e+250;-4.44845e+249;-3.49098e+248
9.85218e+249;-8.8227e+249;-2.3559e+248
1.49716e+250;-1.05883e+250;1.11607e+249
2.11813e+250;-1.45897e+250;2.1433e+249
2.40796e+250;-2.67741e+250;-6.14552e+248
2.41455e+250;-3.38745e+250;4.54689e+248
3.49032e+249;-2.03332e+250;8.14142e+249
2.05446e+250;1.40558e+250;5.70648e+249
1.2002e+251;6.54642e+250;-2.41166e+249
1.88682e+250;1.64672e+250;1.37968e+250
9.06526e+250;-3.66019e+249;1.90509e+250
-1.70188e+251;4.10662e+250;-2.93915e+249
-1.69152e+251;5.15609e+249;2.74326e+250
-3.47323e+251;2.81684e+250;-1.65266e+250
3.72475e+251;1.00208e+251;-4.99225e+249
3.67926e+251;-4.65131e+251;4.69736e+250
1.79549e+252;1.97228e+251;-9.58006e+250
4.42536e+252;-6.72569e+251;1.2856e+251
2.48916e+252;-1.51711e+252;3.99189e+251
-3.15332e+251;-8.3835e+251;2.55027e+251
-1.60103e+252;6.46891e+251;-7.2186e+249
9.40782e+250;-2.91678e+250;-4.05572e+251
1.9462e+252;-5.06787e+252;-1.75651e+252
1.39639e+253;8.65662e+250;-2.75947e+252
2.12488e+252;7.91416e+252;-2.60445e+252
-1.19875e+253;1.33688e+253;-3.36628e+252
-2.25463e+253;1.04023e+253;4.88024e+252
-4.44675e+253;3.67595e+253;8.67807e+252
1.03554e+253;5.08897e+253;1.197e+253
-3.5927e+253;8.69254e+253;5.57789e+252
-1.32332e+253;4.74103e+253;-8.39119e+252
1.55302e+254;-4.63002e+253;-1.65156e+253
1.16832e+254;-6.26691e+253;-1.21508e+253
1.83837e+254;1.35722e+254;-1.21715e+253
1.19655e+255;-1.03801e+254;-1.83926e+253
8.75735e+254;-2.32041e+253;-3.68246e+253
2.37065e+255;-2.90548e+254;-8.45648e+253
4.00825e+255;9.16783e+254;-4.2739e+253
2.22564e+255;-4.62998e+253;-3.33347e+254
7.18921e+255;-4.61962e+254;-3.50816e+254
7.62174e+255;1.65887e+255;-1.89072e+254
4.09844e+255;2.88934e+255;-1.05311e+255
1.03943e+256;4.71307e+255;-6.4718e+253
-1.43265e+255;3.72889e+255;6.0152e+254
8.11252e+255;1.24982e+256;1.01072e+255
3.42235e+256;9.89883e+255;1.36298e+255
4.03246e+256;1.72509e+255;-1.7766e+255
8.08048e+256;9.28939e+255;1.0472e+255
6.35915e+256;1.74834e+256;-9.57729e+254
1.60023e+257;4.73731e+255;-4.67946e+254
2.08291e+257;-3.22999e+256;3.21469e+255
2.89514e+257;1.87623e+256;-1.32343e+255
2.90002e+257;4.01205e+256;-4.11743e+256
5.15186e+257;8.58952e+256;-9.29574e+256
1.79918e+257;9.05009e+256;-9.75138e+256
2.57998e+257;1.36617e+257;-1.01506e+257
5.65476e+257;6.00545e+257;-1.11574e+257
6.40352e+257;1.00146e+258;5.83695e+256
1.30755e+258;9.34229e+257;-4.57983e+256
5.8289e+258;2.37886e+257;-2.99452e+257
1.12096e+259;1.7406e+258;-4.47759e+256
8.23365e+258;-9.76792e+256;-2.69991e+257
1.07021e+259;1.14997e+258;4.06595e+257
2.71892e+258;-3.01141e+258;3.62013e+257
4.37909e+257;2.47817e+257;1.29704e+258
-2.13362e+259;5.18935e+257;6.92516e+257
-2.4643e+259;7.92301e+257;-2.13127e+258
-2.49455e+259;1.89431e+259;-3.75221e+258
-7.36963e+259;2.69998e+259;-1.13121e+259
-3.3998e+259;4.36827e+259;-1.66822e+259
-4.7049e+259;1.58426e+259;-1.89066e+259
1.34532e+259;-3.16504e+259;-1.98422e+259
-7.96451e+258;2.76648e+259;-1.55973e+259
-2.00382e+260;5.99579e+259;-2.88342e+259
-2.90701e+260;7.83989e+259;-1.07168e+259
-1.13602e+261;5.68645e+259;-9.5311e+258
2.84212e+260;7.04592e+259;6.07944e+258
1.20555e+261;1.0781e+260;3.31815e+259
-5.08067e+260;1.20827e+261;-1.26421e+260
7.09501e+260;1.05428e+261;-1.90402e+260
2.8753e+261;1.46137e+261;1.45899e+260
-1.50996e+261;2.02603e+261;1.83516e+260
-5.14777e+261;-2.05058e+260;-3.99853e+260
-9.30327e+261;1.10423e+261;-5.08327e+260
-3.28599e+260;3.10485e+261;-3.27834e+260
-9.55079e+261;6.59712e+261;8.92375e+260
-3.55291e+262;-1.16681e+261;-2.84948e+260
-2.01354e+262;3.06021e+261;1.86203e+261
-9.38868e+261;9.26041e+261;2.01692e+261
1.31506e+262;-2.23929e+262;4.59765e+261
2.29617e+262;-6.76776e+261;-2.71854e+260
1.8948e+262;5.27999e+262;5.93828e+261
8.12198e+262;1.02864e+263;1.27377e+262
1.21793e+263;2.84382e+262;2.34495e+262
1.90503e+262;1.33349e+263;-2.03279e+262
2.36991e+263;2.5272e+263;-4.25895e+262
7.10947e+263;7.1924e+263;-9.48193e+262
1.04817e+264;1.0027e+264;-1.70551e+263
1.43622e+264;1.58281e+264;-8.44898e+262
-1.02741e+263;1.16075e+264;-4.14115e+262
-5.28543e+262;1.1957e+263;3.04801e+262
-9.4669e+263;4.80213e+263;-3.7484e+263
6.7367e+264;-1.95553e+263;-3.24703e+263
7.19645e+264;-1.72521e+264;-2.45772e+263
1.21263e+265;-2.60555e+264;-1.05272e+263
2.28644e+265;-1.65616e+264;8.53951e+263
2.65309e+265;3.921e+264;5.40757e+263
6.04717e+264;8.89319e+264;2.701e+263
-1.70754e+265;1.16049e+265;2.21835e+264
-3.32784e+265;1.61612e+265;5.15308e+264
-6.56236e+265;2.66831e+265;1.01034e+264
-1.09744e+266;4.84638e+265;-1.20321e+264
-1.91673e+266;7.29172e+265;-1.87251e+264
-1.8176e+266;6.19975e+265;-1.18026e+265
-3.1076e+266;1.12163e+266;-4.29302e+264
-5.40735e+266;2.70052e+265;-1.21201e+265
-7.59515e+266;-1.11294e+265;-2.18319e+265
5.11028e+265;-4.9906e+265;8.78902e+265
-4.1417e+266;-1.38599e+266;-1.17928e+266
-6.80602e+265;4.06751e+266;-2.28524e+266
4.06077e+267;1.1003e+267;-2.09426e+266
5.79538e+267;1.30769e+267;-2.44905e+266
8.99298e+267;-4.07914e+266;-5.46289e+266
4.89724e+267;8.03491e+265;-5.66295e+266
1.05382e+268;1.68753e+267;-5.3314e+266
1.19789e+268;1.62234e+267;-1.50117e+267
1.03102e+268;-3.57038e+266;-1.76085e+267
3.11681e+268;3.34616e+267;-3.51664e+267
5.41627e+268;1.42337e+267;-7.48578e+266
5.5572e+268;7.83125e+267;1.28946e+267
8.27124e+268;-8.08976e+266;2.05255e+267
1.46771e+269;6.22699e+267;1.82068e+267
9.42621e+268;1.092e+268;1.00245e+268
-2.80995e+268;3.30349e+268;1.67386e+268
-7.32583e+268;-7.56241e+268;1.57822e+268
-7.43497e+268;-8.95825e+268;-9.34041e+267
1.09276e+269;-3.39813e+269;7.80731e+267
2.25986e+269;-5.09297e+269;-3.82229e+268
-3.65494e+269;-4.32075e+269;-6.88166e+268
5.17707e+267;-9.96211e+269;-1.0623e+268
6.78769e+269;-1.39283e+270;-5.17454e+268
-8.24237e+269;-1.74195e+270;-7.10528e+268
-3.54082e+270;-1.8135e+270;1.38285e+268
-6.76642e+268;-1.96571e+270;1.53592e+269
-2.20789e+270;-7.50275e+268;-4.27267e+269
5.41942e+270;-6.7885e+269;-4.26838e+269
9.40113e+270;1.27091e+270;-1.32571e+270
1.72114e+271;-1.71126e+268;-7.98978e+269
1.25601e+270;9.49555e+270;1.20295e+270
-1.3577e+271;3.75233e+270;8.83578e+269
-3.12191e+271;8.39997e+269;-5.56228e+269
-3.72078e+271;-3.34758e+270;-6.18553e+270
2.16768e+271;-7.39542e+270;-2.06349e+270
-1.21797e+271;-6.27953e+271;5.17944e+270
9.34417e+271;-9.49359e+271;-4.0802e+270
1.92471e+272;-1.64854e+272;3.65086e+270
4.09512e+272;-2.19421e+272;-2.82497e+271
4.70021e+272;-7.86019e+271;-3.18932e+271
3.79588e+271;-6.91458e+271;-3.34018e+271
-7.52601e+272;-8.86918e+271;-5.81407e+271
2.58024e+272;5.02018e+271;8.86801e+270
-3.00481e+273;3.52396e+272;3.73709e+270
-4.61317e+273;7.62553e+272;1.11995e+272
-4.0385e+273;1.47282e+273;3.01131e+272
-2.89169e+273;3.64304e+273;-5.77757e+271
-2.84097e+273;3.56548e+273;-8.64239e+272
3.22311e+273;2.83117e+273;-8.92809e+272
1.10293e+274;6.55953e+273;-1.09794e+273
1.97922e+274;7.25841e+273;-5.66816e+272
1.66482e+274;1.03917e+274;-2.07117e+273
2.08768e+273;3.10975e+274;-9.62994e+272
-2.51854e+274;2.27399e+274;-6.63091e+273
-2.53863e+274;1.03786e+274;-8.07178e+273
-2.72982e+274;4.90859e+274;-7.70062e+273
-7.27566e+274;9.71611e+273;-1.03287e+274
1.03091e+274;-1.19752e+274;-2.70743e+272
-1.70594e+273;6.59661e+274;2.48927e+274
-8.46668e+274;2.94632e+274;1.65774e+274
2.84093e+275;1.26983e+275;4.17483e+274
3.57589e+275;1.66279e+275;3.05425e+274
1.27829e+276;4.08522e+274;-6.18583e+274
-8.01359e+275;-1.9111e+275;-1.40645e+274
1.55828e+273;3.20595e+275;-1.94006e+274
1.22938e+276;5.77703e+275;-1.41314e+275
2.51059e+276;3.10671e+275;2.16575e+275
5.92421e+276;-2.16461e+276;5.97214e+275
1.0849e+276;-1.55349e+276;4.45128e+275
-7.70567e+273;-3.31959e+276;1.22184e+276
5.08411e+275;-8.81282e+275;7.64183e+275
5.78219e+276;2.43977e+276;-7.85044e+275
-9.38403e+276;-4.25738e+276;6.36711e+275
1.58925e+276;-1.66146e+276;4.81807e+276
3.91445e+277;-1.21364e+276;5.12176e+276
1.81054e+277;4.16572e+276;1.02318e+277
1.04258e+276;4.00489e+277;7.20898e+276
3.39668e+277;-2.97094e+276;-1.69943e+276
1.38236e+278;-1.8521e+277;-3.29375e+276
3.54325e+278;1.20568e+278;-5.05365e+276
5.6202e+278;1.42847e+277;-1.8024e+277
8.60935e+278;-1.1343e+278;-1.84767e+277
1.25416e+279;-8.982e+277;-1.28679e+277
2.17749e+279;-1.28703e+278;3.06792e+277
4.10796e+279;-3.81878e+278;7.21047e+277
1.77622e+279;-2.87918e+278;4.12726e+277
2.28422e+279;-2.43205e+278;-4.67002e+277
2.62587e+279;-7.56683e+278;-4.80616e+277
4.02868e+279;-4.61206e+279;-1.60958e+278
-4.23939e+279;-4.88176e+279;-5.97503e+278
-1.31137e+280;-4.01046e+279;-1.76905e+279
-3.03818e+280;7.31103e+279;-1.34996e+279
-3.00628e+280;7.69707e+278;-3.02622e+279
-1.53418e+279;-3.35315e+279;-3.34433e+279
1.03428e+279;-8.96461e+279;-6.20563e+279
-4.45793e+280;-2.56161e+278;-8.31502e+279
-3.8771e+279;3.45413e+279;-1.62651e+280
3.32854e+280;-1.39537e+280;-1.83689e+280
1.37818e+281;1.61345e+280;-1.73049e+280
2.64657e+281;2.17378e+280;-4.17657e+280
6.09379e+281;1.02052e+281;-1.39201e+280
4.81314e+281;2.53278e+280;1.07112e+280
2.85615e+281;4.65572e+280;3.82513e+280
3.09992e+281;2.70193e+281;1.07035e+281
1.56341e+282;2.02961e+281;-6.87222e+280
6.44563e+281;3.05613e+281;1.4531e+280
-1.43351e+281;8.90834e+281;-5.95198e+280
-2.22217e+282;2.04343e+282;3.74217e+280
2.23014e+282;1.34336e+282;-1.51925e+281
8.61593e+282;1.53102e+282;-1.04495e+281
8.94695e+282;3.08984e+282;-6.3343e+281
1.49415e+281;-3.79883e+281;-2.1078e+282
4.94526e+282;-1.15988e+283;-3.89324e+282
1.01843e+283;-4.41573e+282;-5.17525e+282
-1.32758e+283;1.27513e+283;-5.6565e+282
-8.73534e+283;1.39897e+283;-6.7982e+282
-1.05437e+284;1.75191e+283;3.04477e+282
-1.70697e+284;8.51871e+283;4.77738e+282
-1.09773e+284;5.11024e+283;1.50547e+282
-1.30773e+284;-2.39367e+283;3.28631e+281
-2.81002e+283;-1.28547e+284;-4.69813e+281
-2.13179e+284;-1.83918e+284;3.8578e+282
-1.93239e+284;-2.09172e+284;1.45315e+283
-2.24581e+284;-1.59077e+284;2.99763e+283
-3.39648e+284;1.66716e+284;-3.29451e+282
-2.00405e+284;3.9277e+284;2.86849e+284
2.8679e+284;4.75251e+283;2.00425e+284
1.10208e+285;6.88523e+284;8.07757e+283
6.88758e+284;-3.02377e+284;2.46051e+284
-2.40201e+285;1.04349e+285;-1.58806e+284
-8.67801e+285;-1.45677e+285;-2.8681e+284
-8.68164e+285;3.18909e+285;7.14641e+283
-8.8883e+285;3.54293e+285;-1.77304e+285
-1.03628e+286;7.87611e+285;-8.97555e+284
-2.30978e+285;-9.17949e+285;-1.41228e+285
6.02526e+285;-2.43132e+286;-1.55448e+285
-4.53854e+286;-2.51493e+286;-1.78856e+285
-2.21419e+286;-4.8402e+286;-1.24543e+285
-4.0848e+286;-4.77148e+286;1.33814e+285
-5.31008e+286;-5.60309e+286;-7.35765e+284
-4.35419e+286;-1.01471e+287;2.66619e+285
-3.96245e+286;-1.98338e+287;1.40681e+286
2.61402e+285;-1.43558e+287;-7.824e+285
-3.95914e+287;-5.06545e+286;-6.1314e+286
-6.90834e+287;3.32385e+287;-9.75352e+286
-7.1976e+287;4.5952e+287;-1.2023e+287
-1.20526e+288;9.95817e+286;-1.73061e+286
-8.29535e+287;9.26882e+287;-2.0265e+287
-2.5544e+288;2.16185e+288;-2.65873e+287
-5.67358e+287;2.59707e+288;-4.10196e+287
1.88202e+288;3.18413e+288;-5.67777e+287
-1.19836e+288;2.26454e+288;-3.29509e+287
-5.75899e+288;1.61142e+288;-6.45516e+287
-8.15235e+288;6.21619e+288;-4.18774e+287
-2.46375e+289;2.29771e+288;6.46251e+286
-5.12916e+289;9.79834e+288;1.71661e+288
-5.66347e+289;3.5789e+289;4.65433e+288
-4.76264e+289;4.34812e+289;6.40035e+288
-5.51652e+289;6.76904e+289;3.39277e+287
-2.29495e+289;1.93645e+288;6.66777e+288
-9.08606e+289;-6.99936e+289;3.69562e+288
-3.49785e+289;-7.66244e+289;1.13677e+289
-2.28704e+290;-2.02111e+290;5.38924e+287
-3.54876e+290;-1.83848e+289;7.70383e+288
-4.86568e+290;-2.63677e+289;1.7692e+289
-1.97898e+290;-2.6794e+290;8.47962e+289
7.69218e+290;-7.53256e+290;8.80596e+289
1.29314e+291;-8.81228e+290;2.13392e+289
4.6809e+290;-1.05306e+291;2.05465e+290
2.69324e+291;-1.05072e+291;1.06186e+290
2.95388e+291;-1.44876e+291;-1.69876e+290
-1.52678e+290;1.28647e+290;-1.97365e+290
-1.23382e+290;-3.43981e+291;-8.73559e+290
-7.62714e+290;-6.22572e+291;-9.59793e+290
7.92872e+291;-3.62703e+291;-3.20947e+291
-2.15553e+292;-9.87935e+291;-3.23084e+291
-1.04025e+292;-2.85997e+291;-2.90602e+291
-3.69065e+292;7.48729e+291;-3.59911e+290
-2.36686e+292;2.4546e+292;-5.54525e+291
-8.08589e+292;-4.8092e+291;-1.30857e+292
-1.81683e+293;-2.42781e+292;-1.2891e+292
-2.13747e+293;-5.68562e+291;-1.62985e+292
-6.15552e+293;1.2464e+292;6.4767e+291
-7.04036e+293;5.68027e+292;2.394e+292
-5.5032e+293;-8.09418e+292;-9.19362e+291
-4.42789e+293;-1.3398e+293;1.83258e+292
-1.40865e+294;-2.20248e+293;4.537e+292
-1.43426e+294;1.08756e+293;1.04768e+292
-9.50236e+292;-6.64208e+293;2.19938e+293
-2.07894e+294;-1.00194e+293;1.24295e+293
-3.75397e+294;-1.10812e+293;-7.21965e+292
1.11224e+293;-7.03087e+293;2.58694e+292
-5.22764e+294;-6.24313e+293;4.52047e+293
-7.81278e+294;-2.23653e+294;-1.63223e+293
-7.95729e+294;-9.75529e+294;1.33704e+294
-1.52907e+295;-8.37821e+294;8.28712e+293
-1.52922e+295;-1.16454e+295;1.57294e+294
-3.21014e+295;-1.95956e+295;-1.05054e+294
-4.88626e+295;-1.00114e+295;4.51968e+294
9.24163e+294;-1.88329e+295;7.60087e+294
-6.68813e+295;-4.06573e+294;-8.59041e+293
-1.59629e+296;-1.15942e+295;9.74382e+294
-3.48716e+296;-8.22277e+294;1.29513e+295
-4.20099e+296;1.75085e+295;9.415e+294
-2.98446e+296;-2.3051e+296;2.07913e+295
-7.84736e+295;9.25818e+294;-1.39756e+295
7.17012e+296;-2.17959e+296;-2.58385e+295
6.575e+296;-2.04478e+296;-7.62116e+295
4.60826e+296;-4.05272e+296;-6.02762e+294
1.32007e+297;-1.43609e+297;-6.57633e+295
2.76707e+297;-2.35905e+297;-2.32676e+296
-8.83095e+295;-1.60999e+297;-4.08592e+296
-1.56264e+296;-2.01397e+297;-5.1656e+295
5.24119e+297;2.10688e+297;-1.58375e+296
5.59163e+297;2.18775e+296;6.20377e+296
-2.65431e+297;2.37611e+297;2.56101e+297
4.88946e+297;2.51508e+297;1.97963e+297
-2.34611e+298;-8.74604e+297;2.3053e+297
5.8521e+297;-1.17185e+298;4.9544e+297
-6.91539e+297;-2.08654e+298;5.32913e+297
-2.11546e+298;-2.03986e+298;1.28809e+297
3.7246e+297;4.95094e+296;6.23391e+297
-1.59146e+299;-2.80035e+298;1.05534e+298
-7.49076e+298;5.44918e+298;1.31054e+298
-1.38866e+299;1.52562e+299;2.93328e+298
-3.17215e+299;2.30807e+299;6.07452e+298
1.91723e+299;5.92008e+298;4.65811e+298
8.7086e+298;-8.66724e+298;6.21704e+298
-3.94896e+299;-7.95179e+299;9.05323e+298
4.05889e+299;-3.7891e+299;6.43905e+298
-8.38291e+299;-4.1368e+299;-1.03364e+298
-2.07336e+300;7.6823e+299;3.49256e+299
-3.40304e+300;-7.06699e+298;4.41734e+299
-1.9966e+300;1.94858e+299;5.81942e+299
8.39131e+299;-8.44509e+299;3.45962e+299
4.35434e+300;-3.30601e+300;3.46275e+299
3.21217e+300;6.38931e+299;1.65351e+300
-1.82038e+301;-8.69873e+300;2.33832e+300
7.10332e+300;-1.25955e+301;2.77593e+300
2.5521e+301;-1.80956e+300;4.48931e+300
2.6128e+301;2.62275e+300;-5.98334e+299
9.92426e+301;1.64e+301;1.93439e+299
2.44397e+302;3.02946e+301;-1.83659e+301
1.56726e+302;1.58068e+301;-1.11669e+301
-1.63183e+302;-3.13818e+301;-2.97482e+301
-4.28244e+301;-4.43624e+301;-6.21875e+301
4.45687e+301;-1.12785e+302;-8.90351e+300
-1.08484e+303;-8.74971e+301;-1.36279e+301
-1.21427e+303;-4.39442e+302;-3.97732e+301
-1.05675e+303;-1.62098e+302;-6.41552e+301
-8.83096e+302;-3.87925e+302;5.72332e+301
-1.84697e+303;-5.39298e+302;4.4266e+301
-1.21992e+303;-1.07801e+303;1.93225e+302
-3.41337e+303;1.62628e+303;8.52077e+301
3.07366e+303;2.72752e+303;-6.05886e+302
1.36943e+303;3.974e+303;-7.38809e+302
2.53423e+303;1.52584e+303;-1.71487e+303
8.20941e+303;4.18896e+303;-1.19681e+303
7.47764e+303;3.79499e+303;-1.93932e+303
2.01058e+304;-9.85278e+303;-2.26509e+303
4.24338e+304;-4.42243e+303;-5.93591e+303
-2.02378e+304;-4.53839e+304;-5.3367e+303
-1.14429e+305;-7.68931e+304;-5.26872e+303
-1.1811e+305;-6.66968e+304;-2.98464e+303
-2.26388e+305;-5.83384e+304;-1.91673e+304
-3.82508e+305;3.91203e+304;-2.62748e+304
-1.7642e+305;-3.36325e+304;-2.52455e+304
-4.71302e+305;-5.09561e+304;-2.32776e+304
-1.26028e+306;8.51086e+304;2.51316e+303
-1.17233e+306;-7.74761e+304;1.21064e+305
-3.80616e+305;2.27987e+305;1.98695e+305
2.94717e+305;5.73234e+305;1.58596e+305
-2.49291e+306;1.05223e+306;3.05924e+305
-1.21263e+306;1.87721e+306;1.14232e+305
-4.27756e+306;1.97701e+306;1.37752e+305
-5.78704e+306;2.40963e+306;4.66055e+305
-2.99765e+306;9.50138e+305;1.49124e+305
-1.16292e+307;-2.16545e+306;1.06176e+306
-1.18884e+307;-1.91891e+306;1.80105e+306
-1.11132e+307;-3.23232e+306;9.81139e+305
-1.83839e+307;-2.60624e+307;1.23143e+306
-5.71687e+307;-2.36973e+307;1.01484e+306
-1.0469e+308;-2.62496e+307;5.76225e+306
-9.49794e+307;-5.98479e+307;1.43457e+307
-1.05987e+308;-5.50162e+307;8.09698e+306
-1.58713e+308;-1.31627e+308;-9.30265e+306
-1.50332e+308;-inf;-4.72178e+306
-inf;-inf;1.57809e+307
-nan;-inf;1.96033e+307
-nan;-nan;-2.73062e+307
-nan;-nan;-1.34633e+308
-nan;-nan;-inf
-nan;-nan;-inf
-nan;-nan;-inf
-nan;-nan;-inf
-nan;-nan;-inf
-nan;-nan;-inf
-nan;-nan;-inf
-nan;-nan;-nan
-nan;-nan;-nan
-nan;-nan;-nan
-nan;-nan;-nan
-nan;-nan;-nan
-nan;-nan;-nan
-nan;-nan;-nan
-nan;-nan;-nan
-nan;-nan;-nan
-nan;-nan;-nan
-nan;-nan;-nan
-nan;-nan;-nan
-nan;-nan;-nan
-nan;-nan;-nan
-nan;-nan;-nan
-nan;-nan;-nan
-nan;-nan;-nan
-nan;-nan;-nan
-nan;-nan;-nan
-nan;-nan;-nan
-nan;-nan;-nan
-nan;-nan;-nan
-nan;-nan;-nan
-nan;-nan;-nan
-nan;-nan;-nan
-nan;-nan;-nan
-nan;-nan;-nan
-nan;-nan;-nan
-nan;-nan;-nan
-nan;-nan;-nan
-nan;-nan;-nan
-nan;-nan;-nan
-nan;-nan;-nan
-nan;-nan;-nan
-nan;-nan;-nan
-nan;-nan;-nan
-nan;-nan;-nan
-nan;-nan;-nan
-nan;-nan;-nan
-nan;-nan;-nan
-nan;-nan;-nan
-nan;-nan;-nan
-nan;-nan;-nan
-nan;-nan;-nan
-nan;-nan;-nan
-nan;-nan;-nan
-nan;-nan;-nan
-nan;-nan;-nan
-nan;-nan;-nan
-nan;-nan;-nan
-nan;-nan;-nan
-nan;-nan;-nan
-nan;-nan;-nan
-nan;-nan;-nan
-nan;-nan;-nan
-nan;-nan;-nan
-nan;-nan;-nan
-nan;-nan;-nan
-nan;-nan;-nan
-nan;-nan;-nan
-nan;-nan;-nan
-nan;-nan;-nan
-nan;-nan;-nan
-nan;-nan;-nan
-nan;-nan;-nan
-nan;-nan;-nan
-nan;-nan;-nan
-nan;-nan;-nan
-nan;-nan;-nan
-nan;-nan;-nan
-nan;-nan;-nan
-nan;-nan;-nan
-nan;-nan;-nan
-nan;-nan;-nan
-nan;-nan;-nan
-nan;-nan;-nan
-nan;-nan;-nan
-nan;-nan;-nan
-nan;-nan;-nan
-nan;-nan;-nan
-nan;-nan;-nan
-nan;-nan;-nan
-nan;-nan;-nan
-nan;-nan;-nan
-nan;-nan;-nan
-nan;-nan;-nan
-nan;-nan;-nan
-nan;-nan;-nan
-nan;-nan;-nan
-nan;-nan;-nan
-nan;-nan;-nan
-nan;-nan;-nan
-nan;-nan;-nan
-nan;-nan;-nan
-nan;-nan;-nan
-nan;-nan;-nan
-nan;-nan;-nan
-nan;-nan;-nan
-nan;-nan;-nan
-nan;-nan;-nan
-nan;-nan;-nan
-nan;-nan;-nan
-nan;-nan;-nan
-nan;-nan;-nan
-nan;-nan;-nan
-nan;-nan;-nan
-nan;-nan;-nan
-nan;-nan;-nan
-nan;-nan;-nan
-nan;-nan;-nan
-nan;-nan;-nan
-nan;-nan;-nan
-nan;-nan;-nan
-nan;-nan;-nan
-nan;-nan;-nan
-nan;-nan;-nan
-nan;-nan;-nan
-nan;-nan;-nan
-nan;-nan;-nan
-nan;-nan;-nan
-nan;-nan;-nan
-nan;-nan;-nan
-nan;-nan;-nan
-nan;-nan;-nan
-nan;-nan;-nan
-nan;-nan;-nan
-nan;-nan;-nan
-nan;-nan;-nan
-nan;-nan;-nan
-nan;-nan;-nan
-nan;-nan;-nan
-nan;-nan;-nan
-nan;-nan;-nan
-nan;-nan;-nan
-nan;-nan;-nan
-nan;-nan;-nan
-nan;-nan;-nan
-nan;-nan;-nan
-nan;-nan;-nan
-nan;-nan;-nan
-nan;-nan;-nan
-nan;-nan;-nan
-nan;-nan;-nan
-nan;-nan;-nan
-nan;-nan;-nan
-nan;-nan;-nan
-nan;-nan;-nan
-nan;-nan;-nan
-nan;-nan;-nan
-nan;-nan;-nan
-nan;-nan;-nan
-nan;-nan;-nan
-nan;-nan;-nan
-nan;-nan;-nan
-nan;-nan;-nan
-nan;-nan;-nan
-nan;-nan;-nan
-nan;-nan;-nan
-nan;-nan;-nan
-nan;-nan;-nan
-nan;-nan;-nan
-nan;-nan;-nan
-nan;-nan;-nan
-nan;-nan;-nan
-nan;-nan;-nan
-nan;-nan;-nan
-nan;-nan;-nan
-nan;-nan;-nan
-nan;-nan;-nan
-nan;-nan;-nan
-nan;-nan;-nan
-nan;-nan;-nan
-nan;-nan;-nan
-nan;-nan;-nan
-nan;-nan;-nan
-nan;-nan;-nan
-nan;-nan;-nan
-nan;-nan;-nan
-nan;-nan;-nan
-nan;-nan;-nan
-nan;-nan;-nan
-nan;-nan;-nan
-nan;-nan;-nan
-nan;-nan;-nan
-nan;-nan;-nan
-nan;-nan;-nan
-nan;-nan;-nan
-nan;-nan;-nan
-nan;-nan;-nan
-nan;-nan;-nan
-nan;-nan;-nan
-nan;-nan;-nan
-nan;-nan;-nan
-nan;-nan;-nan
-nan;-nan;-nan
-nan;-nan;-nan
-nan;-nan;-nan
-nan;-nan;-nan
-nan;-nan;-nan
-nan;-nan;-nan
-nan;-nan;-nan
-nan;-nan;-nan
-nan;-nan;-nan
-nan;-nan;-nan
-nan;-nan;-nan
-nan;-nan;-nan
-nan;-nan;-nan
-nan;-nan;-nan
-nan;-nan;-nan
-nan;-nan;-nan
-nan;-nan;-nan
-nan;-nan;-nan
-nan;-nan;-nan
-nan;-nan;-nan
-nan;-nan;-nan
-nan;-nan;-nan
-nan;-nan;-nan
-nan;-nan;-nan
-nan;-nan;-nan
-nan;-nan;-nan
-nan;-nan;-nan
-nan;-nan;-nan
-nan;-nan;-nan
-nan;-nan;-nan
-nan;-nan;-nan
-nan;-nan;-nan
-nan;-nan;-nan
-nan;-nan;-nan
-nan;-nan;-nan
-nan;-nan;-nan
-nan;-nan;-nan
-nan;-nan;-nan
-nan;-nan;-nan
-nan;-nan;-nan
-nan;-nan;-nan
-nan;-nan;-nan
-nan;-nan;-nan
-nan;-nan;-nan
-nan;-nan;-nan
-nan;-nan;-nan
-nan;-nan;-nan
-nan;-nan;-nan
-nan;-nan;-nan
-nan;-nan;-nan
-nan;-nan;-nan
-nan;-nan;-nan
-nan;-nan;-nan
-nan;-nan;-nan
-nan;-nan;-nan
-nan;-nan;-nan
-nan;-nan;-nan
-nan;-nan;-nan
-nan;-nan;-nan
-nan;-nan;-nan
-nan;-nan;-nan
-nan;-nan;-nan
-nan;-nan;-nan
-nan;-nan;-nan
-nan;-nan;-nan
-nan;-nan;-nan
-nan;-nan;-nan
-nan;-nan;-nan
-nan;-nan;-nan
-nan;-nan;-nan
-nan;-nan;-nan
-nan;-nan;-nan
-nan;-nan;-nan
-nan;-nan;-nan
-nan;-nan;-nan
-nan;-nan;-nan
-nan;-nan;-nan
-nan;-nan;-nan
-nan;-nan;-nan
-nan;-nan;-nan
-nan;-nan;-nan
-nan;-nan;-nan
-nan;-nan;-nan
-nan;-nan;-nan
-nan;-nan;-nan
-nan;-nan;-nan
-nan;-nan;-nan
-nan;-nan;-nan
-nan;-nan;-nan
-nan;-nan;-nan
-nan;-nan;-nan
-nan;-nan;-nan
-nan;-nan;-nan
-nan;-nan;-nan
-nan;-nan;-nan
-nan;-nan;-nan
-nan;-nan;-nan
-nan;-nan;-nan
-nan;-nan;-nan
-nan;-nan;-nan
-nan;-nan;-nan
-nan;-nan;-nan
-nan;-nan;-nan
-nan;-nan;-nan
-nan;-nan;-nan
-nan;-nan;-nan
-nan;-nan;-nan
-nan;-nan;-nan
-nan;-nan;-nan
-nan;-nan;-nan
-nan;-nan;-nan
-nan;-nan;-nan
-nan;-nan;-nan
-nan;-nan;-nan
-nan;-nan;-nan
-nan;-nan;-nan
-nan;-nan;-nan
-nan;-nan;-nan
-nan;-nan;-nan
-nan;-nan;-nan
-nan;-nan;-nan
-nan;-nan;-nan
-nan;-nan;-nan
-nan;-nan;-nan
-nan;-nan;-nan
-nan;-nan;-nan
-nan;-nan;-nan
-nan;-nan;-nan
-nan;-nan;-nan
-nan;-nan;-nan
-nan;-nan;-nan
-nan;-nan;-nan
-nan;-nan;-nan
-nan;-nan;-nan
-nan;-nan;-nan
-nan;-nan;-nan
-nan;-nan;-nan
-nan;-nan;-nan
-nan;-nan;-nan
-nan;-nan;-nan
-nan;-nan;-nan
-nan;-nan;-nan
-nan;-nan;-nan
-nan;-nan;-nan
-nan;-nan;-nan
-nan;-nan;-nan
-nan;-nan;-nan
-nan;-nan;-nan
-nan;-nan;-nan
-nan;-nan;-nan
-nan;-nan;-nan
-nan;-nan;-nan
-nan;-nan;-nan
-nan;-nan;-nan
-nan;-nan;-nan
-nan;-nan;-nan
-nan;-nan;-nan
-nan;-nan;-nan
-nan;-nan;-nan
-nan;-nan;-nan
-nan;-nan;-nan
-nan;-nan;-nan
-nan;-nan;-nan
-nan;-nan;-nan
-nan;-nan;-nan
-nan;-nan;-nan
-nan;-nan;-nan
-nan;-nan;-nan
-nan;-nan;-nan
-nan;-nan;-nan
-nan;-nan;-nan
-nan;-nan;-nan
-nan;-nan;-nan
-nan;-nan;-nan
-nan;-nan;-nan
-nan;-nan;-nan
-nan;-nan;-nan
-nan;-nan;-nan
-nan;-nan;-nan
-nan;-nan;-nan
-nan;-nan;-nan
-nan;-nan;-nan
-nan;-nan;-nan
-nan;-nan;-nan
-nan;-nan;-nan
-nan;-nan;-nan
-nan;-nan;-nan
-nan;-nan;-nan
-nan;-nan;-nan
-nan;-nan;-nan
-nan;-nan;-nan
-nan;-nan;-nan
-nan;-nan;-nan
-nan;-nan;-nan
-nan;-nan;-nan
-nan;-nan;-nan
-nan;-nan;-nan
-nan;-nan;-nan
-nan;-nan;-nan
-nan;-nan;-nan
-nan;-nan;-nan
-nan;-nan;-nan
-nan;-nan;-nan
-nan;-nan;-nan
-nan;-nan;-nan
-nan;-nan;-nan
-nan;-nan;-nan
-nan;-nan;-nan
-nan;-nan;-nan
-nan;-nan;-nan
-nan;-nan;-nan
-nan;-nan;-nan
-nan;-nan;-nan
-nan;-nan;-nan
-nan;-nan;-nan
-nan;-nan;-nan
-nan;-nan;-nan
-nan;-nan;-nan
-nan;-nan;-nan
-nan;-nan;-nan
-nan;-nan;-nan
-nan;-nan;-nan
-nan;-nan;-nan
-nan;-nan;-nan
-nan;-nan;-nan
-nan;-nan;-nan
-nan;-nan;-nan
-nan;-nan;-nan
-nan;-nan;-nan
-nan;-nan;-nan
-nan;-nan;-nan
-nan;-nan;-nan
-nan;-nan;-nan
-nan;-nan;-nan
-nan;-nan;-nan
-nan;-nan;-nan
-nan;-nan;-nan
-nan;-nan;-nan
-nan;-nan;-nan
-nan;-nan;-nan
-nan;-nan;-nan
-nan;-nan;-nan
-nan;-nan;-nan
-nan;-nan;-nan
-nan;-nan;-nan
-nan;-nan;-nan
-nan;-nan;-nan
-nan;-nan;-nan
-nan;-nan;-nan
-nan;-nan;-nan
-nan;-nan;-nan
-nan;-nan;-nan
-nan;-nan;-nan
-nan;-nan;-nan
-nan;-nan;-nan
-nan;-nan;-nan
-nan;-nan;-nan
-nan;-nan;-nan
-nan;-nan;-nan
-nan;-nan;-nan
-nan;-nan;-nan
-nan;-nan;-nan
-nan;-nan;-nan
-nan;-nan;-nan
-nan;-nan;-nan
-nan;-nan;-nan
-nan;-nan;-nan
-nan;-nan;-nan
-nan;-nan;-nan
-nan;-nan;-nan
-nan;-nan;-nan
-nan;-nan;-nan
-nan;-nan;-nan
-nan;-nan;-nan
-nan;-nan;-nan
-nan;-nan;-nan
-nan;-nan;-nan
-nan;-nan;-nan
-nan;-nan;-nan
-nan;-nan;-nan
-nan;-nan;-nan
-nan;-nan;-nan
-nan;-nan;-nan
-nan;-nan;-nan
-nan;-nan;-nan
-nan;-nan;-nan
-nan;-nan;-nan
-nan;-nan;-nan
-nan;-nan;-nan
-nan;-nan;-nan
-nan;-nan;-nan
-nan;-nan;-nan
-nan;-nan;-nan
-nan;-nan;-nan
-nan;-nan;-nan
-nan;-nan;-nan
-nan;-nan;-nan
-nan;-nan;-nan
-nan;-nan;-nan
-nan;-nan;-nan
-nan;-nan;-nan
-nan;-nan;-nan
-nan;-nan;-nan
-nan;-nan;-nan
-nan;-nan;-nan
-nan;-nan;-nan
-nan;-nan;-nan
-nan;-nan;-nan
-nan;-nan;-nan
-nan;-nan;-nan
-nan;-nan;-nan
-nan;-nan;-nan
-nan;-nan;-nan
-nan;-nan;-nan
-nan;-nan;-nan
-nan;-nan;-nan
-nan;-nan;-nan
-nan;-nan;-nan
-nan;-nan;-nan
-nan;-nan;-nan
-nan;-nan;-nan
-nan;-nan;-nan
-nan;-nan;-nan
-nan;-nan;-nan
-nan;-nan;-nan
-nan;-nan;-nan
-nan;-nan;-nan
-nan;-nan;-nan
-nan;-nan;-nan
-nan;-nan;-nan
-nan;-nan;-nan
-nan;-nan;-nan
-nan;-nan;-nan
-nan;-nan;-nan
-nan;-nan;-nan
-nan;-nan;-nan
-nan;-nan;-nan
-nan;-nan;-nan
-nan;-nan;-nan
-nan;-nan;-nan
-nan;-nan;-nan
-nan;-nan;-nan
-nan;-nan;-nan
-nan;-nan;-nan
-nan;-nan;-nan
-nan;-nan;-nan
-nan;-nan;-nan
-nan;-nan;-nan
-nan;-nan;-nan
-nan;-nan;-nan
-nan;-nan;-nan
-nan;-nan;-nan
-nan;-nan;-nan
-nan;-nan;-nan
-nan;-nan;-nan
-nan;-nan;-nan
-nan;-nan;-nan
-nan;-nan;-nan
-nan;-nan;-nan
-nan;-nan;-nan
-nan;-nan;-nan
-nan;-nan;-nan
-nan;-nan;-nan
-nan;-nan;-nan
-nan;-nan;-nan
-nan;-nan;-nan
-nan;-nan;-nan
-nan;-nan;-nan
-nan;-nan;-nan
-nan;-nan;-nan
-nan;-nan;-nan
-nan;-nan;-nan
-nan;-nan;-nan
-nan;-nan;-nan
-nan;-nan;-nan
-nan;-nan;-nan
-nan;-nan;-nan
-nan;-nan;-nan
-nan;-nan;-nan
-nan;-nan;-nan
-nan;-nan;-nan
-nan;-nan;-nan
-nan;-nan;-nan
-nan;-nan;-nan
-nan;-nan;-nan
-nan;-nan;-nan
-nan;-nan;-nan
-nan;-nan;-nan
-nan;-nan;-nan
-nan;-nan;-nan
-nan;-nan;-nan
-nan;-nan;-nan
-nan;-nan;-nan
-nan;-nan;-nan
-nan;-nan;-nan
-nan;-nan;-nan
-nan;-nan;-nan
-nan;-nan;-nan
-nan;-nan;-nan
-nan;-nan;-nan
-nan;-nan;-nan
-nan;-nan;-nan
-nan;-nan;-nan
-nan;-nan;-nan
-nan;-nan;-nan
-nan;-nan;-nan
-nan;-nan;-nan
-nan;-nan;-nan
-nan;-nan;-nan
-nan;-nan;-nan
-nan;-nan;-nan
-nan;-nan;-nan
-nan;-nan;-nan
-nan;-nan;-nan
-nan;-nan;-nan
-nan;-nan;-nan
-nan;-nan;-nan
-nan;-nan;-nan
-nan;-nan;-nan
-nan;-nan;-nan
-nan;-nan;-nan
-nan;-nan;-nan
-nan;-nan;-nan
-nan;-nan;-nan
-nan;-nan;-nan
-nan;-nan;-nan
-nan;-nan;-nan
-nan;-nan;-nan
-nan;-nan;-nan
-nan;-nan;-nan
-nan;-nan;-nan
-nan;-nan;-nan
-nan;-nan;-nan
-nan;-nan;-nan
-nan;-nan;-nan
-nan;-nan;-nan
-nan;-nan;-nan
-nan;-nan;-nan
-nan;-nan;-nan
-nan;-nan;-nan
-nan;-nan;-nan
-nan;-nan;-nan
-nan;-nan;-nan
-nan;-nan;-nan
-nan;-nan;-nan
-nan;-nan;-nan
-nan;-nan;-nan
-nan;-nan;-nan
-nan;-nan;-nan
-nan;-nan;-nan
-nan;-nan;-nan
-nan;-nan;-nan
-nan;-nan;-nan
-nan;-nan;-nan
-nan;-nan;-nan
-nan;-nan;-nan
-nan;-nan;-nan
-nan;-nan;-nan
-nan;-nan;-nan
-nan;-nan;-nan
-nan;-nan;-nan
-nan;-nan;-nan
-nan;-nan;-nan
-nan;-nan;-nan
-nan;-nan;-nan
-nan;-nan;-nan
-nan;-nan;-nan
-nan;-nan;-nan
-nan;-nan;-nan
-nan;-nan;-nan
-nan;-nan;-nan
-nan;-nan;-nan
-nan;-nan;-nan
-nan;-nan;-nan
-nan;-nan;-nan
-nan;-nan;-nan
-nan;-nan;-nan
-nan;-nan;-nan
-nan;-nan;-nan
-nan;-nan;-nan
-nan;-nan;-nan
-nan;-nan;-nan
-nan;-nan;-nan
-nan;-nan;-nan
-nan;-nan;-nan
-nan;-nan;-nan
-nan;-nan;-nan
-nan;-nan;-nan
-nan;-nan;-nan
-nan;-nan;-nan
-nan;-nan;-nan
-nan;-nan;-nan
-nan;-nan;-nan
-nan;-nan;-nan
-nan;-nan;-nan
-nan;-nan;-nan
-nan;-nan;-nan
-nan;-nan;-nan
-nan;-nan;-nan
-nan;-nan;-nan
-nan;-nan;-nan
-nan;-nan;-nan
-nan;-nan;-nan
-nan;-nan;-nan
-nan;-nan;-nan
-nan;-nan;-nan
-nan;-nan;-nan
-nan;-nan;-nan
-nan;-nan;-nan
-nan;-nan;-nan
-nan;-nan;-nan
-nan;-nan;-nan
-nan;-nan;-nan
-nan;-nan;-nan
-nan;-nan;-nan
-nan;-nan;-nan
-nan;-nan;-nan
-nan;-nan;-nan
-nan;-nan;-nan
-nan;-nan;-nan
-nan;-nan;-nan
-nan;-nan;-nan
-nan;-nan;-nan
-nan;-nan;-nan
-nan;-nan;-nan
-nan;-nan;-nan
-nan;-nan;-nan
-nan;-nan;-nan
-nan;-nan;-nan
-nan;-nan;-nan
-nan;-nan;-nan
-nan;-nan;-nan
-nan;-nan;-nan
-nan;-nan;-nan
-nan;-nan;-nan
-nan;-nan;-nan
-nan;-nan;-nan
-nan;-nan;-nan
-nan;-nan;-nan
-nan;-nan;-nan
-nan;-nan;-nan
-nan;-nan;-nan
-nan;-nan;-nan
-nan;-nan;-nan
-nan;-nan;-nan
-nan;-nan;-nan
-nan;-nan;-nan
-nan;-nan;-nan
-nan;-nan;-nan
-nan;-nan;-nan
-nan;-nan;-nan
-nan;-nan;-nan
-nan;-nan;-nan
-nan;-nan;-nan
-nan;-nan;-nan
-nan;-nan;-nan
-nan;-nan;-nan
-nan;-nan;-nan
-nan;-nan;-nan
-nan;-nan;-nan
-nan;-nan;-nan
-nan;-nan;-nan
-nan;-nan;-nan
-nan;-nan;-nan
-nan;-nan;-nan
-nan;-nan;-nan
-nan;-nan;-nan
-nan;-nan;-nan
-nan;-nan;-nan
-nan;-nan;-nan
-nan;-nan;-nan
-nan;-nan;-nan
-nan;-nan;-nan
-nan;-nan;-nan
-nan;-nan;-nan
-nan;-nan;-nan
-nan;-nan;-nan
-nan;-nan;-nan
-nan;-nan;-nan
-nan;-nan;-nan
-nan;-nan;-nan
-nan;-nan;-nan
-nan;-nan;-nan
-nan;-nan;-nan
-nan;-nan;-nan
-nan;-nan;-nan
-nan;-nan;-nan
-nan;-nan;-nan
-nan;-nan;-nan
-nan;-nan;-nan
-nan;-nan;-nan
-nan;-nan;-nan
-nan;-nan;-nan
-nan;-nan;-nan
-nan;-nan;-nan
-nan;-nan;-nan
-nan;-nan;-nan
-nan;-nan;-nan
-nan;-nan;-nan
-nan;-nan;-nan
-nan;-nan;-nan
-nan;-nan;-nan
-nan;-nan;-nan
-nan;-nan;-nan
-nan;-nan;-nan
-nan;-nan;-nan
-nan;-nan;-nan
-nan;-nan;-nan
-nan;-nan;-nan
-nan;-nan;-nan
-nan;-nan;-nan
-nan;-nan;-nan
-nan;-nan;-nan
-nan;-nan;-nan
-nan;-nan;-nan
-nan;-nan;-nan
-nan;-nan;-nan
-nan;-nan;-nan
-nan;-nan;-nan
-nan;-nan;-nan
-nan;-nan;-nan
-nan;-nan;-nan
-nan;-nan;-nan
-nan;-nan;-nan
-nan;-nan;-nan
-nan;-nan;-nan
-nan;-nan;-nan
-nan;-nan;-nan
-nan;-nan;-nan
-nan;-nan;-nan
-nan;-nan;-nan
-nan;-nan;-nan
-nan;-nan;-nan
-nan;-nan;-nan
-nan;-nan;-nan
-nan;-nan;-nan
-nan;-nan;-nan
-nan;-nan;-nan
-nan;-nan;-nan
-nan;-nan;-nan
-nan;-nan;-nan
-nan;-nan;-nan
-nan;-nan;-nan
-nan;-nan;-nan
-nan;-nan;-nan
-nan;-nan;-nan
-nan;-nan;-nan
-nan;-nan;-nan
-nan;-nan;-nan
-nan;-nan;-nan
-nan;-nan;-nan
-nan;-nan;-nan
-nan;-nan;-nan
-nan;-nan;-nan
-nan;-nan;-nan
-nan;-nan;-nan
-nan;-nan;-nan
-nan;-nan;-nan
-nan;-nan;-nan
-nan;-nan;-nan
-nan;-nan;-nan
-nan;-nan;-nan
-nan;-nan;-nan
-nan;-nan;-nan
-nan;-nan;-nan
-nan;-nan;-nan
-nan;-nan;-nan
-nan;-nan;-nan
-nan;-nan;-nan
-nan;-nan;-nan
-nan;-nan;-nan
-nan;-nan;-nan
-nan;-nan;-nan
-nan;-nan;-nan
-nan;-nan;-nan
-nan;-nan;-nan
-nan;-nan;-nan
-nan;-nan;-nan
-nan;-nan;-nan
-nan;-nan;-nan
-nan;-nan;-nan
-nan;-nan;-nan
-nan;-nan;-nan
-nan;-nan;-nan
-nan;-nan;-nan
-nan;-nan;-nan
-nan;-nan;-nan
-nan;-nan;-nan
-nan;-nan;-nan
-nan;-nan;-nan
-nan;-nan;-nan
-nan;-nan;-nan
-nan;-nan;-nan
-nan;-nan;-nan
-nan;-nan;-nan
-nan;-nan;-nan
-nan;-nan;-nan
-nan;-nan;-nan
-nan;-nan;-nan
-nan;-nan;-nan
-nan;-nan;-nan
-nan;-nan;-nan
-nan;-nan;-nan
-nan;-nan;-nan
-nan;-nan;-nan
-nan;-nan;-nan
-nan;-nan;-nan
-nan;-nan;-nan
-nan;-nan;-nan
-nan;-nan;-nan
-nan;-nan;-nan
-nan;-nan;-nan
-nan;-nan;-nan
-nan;-nan;-nan
-nan;-nan;-nan
-nan;-nan;-nan
-nan;-nan;-nan
-nan;-nan;-nan
-nan;-nan;-nan
-nan;-nan;-nan
-nan;-nan;-nan
-nan;-nan;-nan
-nan;-nan;-nan
-nan;-nan;-nan
-nan;-nan;-nan
-nan;-nan;-nan
-nan;-nan;-nan
-nan;-nan;-nan
-nan;-nan;-nan
-nan;-nan;-nan
-nan;-nan;-nan
-nan;-nan;-nan
-nan;-nan;-nan
-nan;-nan;-nan
-nan;-nan;-nan
-nan;-nan;-nan
-nan;-nan;-nan
-nan;-nan;-nan
-nan;-nan;-nan
-nan;-nan;-nan
-nan;-nan;-nan
-nan;-nan;-nan
-nan;-nan;-nan
-nan;-nan;-nan
-nan;-nan;-nan
-nan;-nan;-nan
-nan;-nan;-nan
-nan;-nan;-nan
-nan;-nan;-nan
-nan;-nan;-nan
-nan;-nan;-nan
-nan;-nan;-nan
-nan;-nan;-nan
-nan;-nan;-nan
-nan;-nan;-nan
-nan;-nan;-nan
-nan;-nan;-nan
-nan;-nan;-nan
-nan;-nan;-nan
-nan;-nan;-nan
-nan;-nan;-nan
-nan;-nan;-nan
-nan;-nan;-nan
-nan;-nan;-nan
-nan;-nan;-nan
-nan;-nan;-nan
-nan;-nan;-nan
-nan;-nan;-nan
-nan;-nan;-nan
-nan;-nan;-nan
-nan;-nan;-nan
-nan;-nan;-nan
-nan;-nan;-nan
-nan;-nan;-nan
-nan;-nan;-nan
-nan;-nan;-nan
-nan;-nan;-nan
-nan;-nan;-nan
-nan;-nan;-nan
-nan;-nan;-nan
-nan;-nan;-nan
-nan;-nan;-nan
-nan;-nan;-nan
-nan;-nan;-nan
-nan;-nan;-nan
-nan;-nan;-nan
-nan;-nan;-nan
-nan;-nan;-nan
-nan;-nan;-nan
-nan;-nan;-nan
-nan;-nan;-nan
-nan;-nan;-nan
-nan;-nan;-nan
-nan;-nan;-nan
-nan;-nan;-nan
-nan;-nan;-nan
-nan;-nan;-nan
-nan;-nan;-nan
-nan;-nan;-nan
-nan;-nan;-nan
-nan;-nan;-nan
-nan;-nan;-nan
-nan;-nan;-nan
-nan;-nan;-nan
-nan;-nan;-nan
-nan;-nan;-nan
-nan;-nan;-nan
-nan;-nan;-nan
-nan;-nan;-nan
-nan;-nan;-nan
-nan;-nan;-nan
-nan;-nan;-nan
-nan;-nan;-nan
-nan;-nan;-nan
-nan;-nan;-nan
-nan;-nan;-nan
-nan;-nan;-nan
-nan;-nan;-nan
-nan;-nan;-nan
-nan;-nan;-nan
-nan;-nan;-nan
-nan;-nan;-nan
-nan;-nan;-nan
-nan;-nan;-nan
-nan;-nan;-nan
-nan;-nan;-nan
-nan;-nan;-nan
-nan;-nan;-nan
-nan;-nan;-nan
-nan;-nan;-nan
-nan;